uid,type,points_finish,points_bronze,points_silver,points_gold,points_at
WjVnQaxLG3elVvUHoFcB1iqKMKj,RPG,10,15,20,25,30
yykpIcRQQyRC4kqnWeyac5gDHr6,RPG,10,15,20,25,30
cXaZQQZLQDZjHwg2EOf7wPGCGdb,RPG,5,6,7,8,10
1qDStYkG0z8bGaYA5YLaAt6vJC1,RPG,10,15,20,25,30
HcN62vp2D2lBYQX_mxukXjre1t,RPG,5,6,7,8,10
LeK3kvXoFRfao08DGd4q_laum_f,RPG,5,6,7,8,10
wZ_jtVAa6r_p6_3058Ly5Q6a7wa,RPG,5,6,7,8,10
qnrdOiLvw5ZLlMmASWmk48iZnY6,RPG,5,6,7,8,10
j58DId3ynDkwXYvt4CGWK3eKOrm,RPG,5,6,7,8,10
pLt0edZNRRt9OY2equTEcjHtoid,RPG,30,35,40,45,55
SViEn1mZsu2tZGJRWyZqLjJdYh5,RPG,5,6,7,8,10
R6kIMdDnTDemZ53hKFVKTRSwjm2,RPG,10,15,20,25,30
sQVJqtUbZX77SBdnV35ynYyDbc9,RPG,5,6,7,8,10
1XYdV9y85Jp6xYBtl4STN2vpirh,RPG,5,6,7,8,10
2oXMEQuMp3DHZqOD48SMIA0PA48,RPG,5,6,7,8,10
_5AnE4Yw_RseRHXWR5H5D5PomId,RPG,10,15,20,25,30
PoHnACHMCTQHtTs4ijBfGVLI5Rh,RPG,10,15,20,25,30
LaDAmMMMd41usmVO9rBIDG82Qr5,RPG,10,15,20,25,30
JQ6nu2WjmPtL0yKafHX3rfOTske,RPG,5,6,7,8,10
waHJpbknENedLJAyyEMESq0cwD5,RPG,5,6,7,8,10
C9mFbXVuC0Ks6kEkzAmHZGUcWud,RPG,5,6,7,8,10
GqbYvMjDPu_LW3G813HTCamZEP5,RPG,10,15,20,25,30
e3iarNHYA56kC8XkeAMYLQX8Pvl,RPG,10,15,20,25,30
wQegHPt7W7l_mraR_JNCWdubkO9,RPG,10,15,20,25,30
_lVZ00v8delgVMBm6YzDWrIe9H3,RPG,10,15,20,25,30
K1L_OIXsHSe1XglWz53I8UmK5S6,RPG,5,6,7,8,10
t1Y_HzJ7Z6YAC2cl7eyHkSq_kq3,RPG,5,6,7,8,10
Dq797nd2iq3Lpv0yA6ucx9fUCn5,RPG,5,6,7,8,10
N8mhyn_onGO6YLM7LwnqD1jvl56,RPG,5,6,7,8,10
ov0hOL0KikebCGAYR2zUKl5vOfa,RPG,5,6,7,8,10
gnFMD7vSWkknmJLxI2cnyWBBUDc,RPG,5,6,7,8,10
86rnEpls5dwu4Bv3RsDiPwCnnh4,RPG,50,60,70,80,100
s0aQ8WkIWdlUDkLQOiizroCwbsb,RPG,10,15,20,25,30
lU4TwE6jS3P_Tmtwl_JKjT77127,RPG,5,6,7,8,10
w8aMjRXTetBlYoYopAAl08mYlRl,RPG,5,6,7,8,10
xYsB1YOxZIRQjNJnjtPqa8SrLo9,RPG,5,6,7,8,10
js9ye0m9EAYyaPf3efdV2VtaeYd,RPG,5,6,7,8,10
6c3vkLR698Vb8UgQ2s03JAn6le,RPG,5,6,7,8,10
G948nNbT5c5WYekVKHFgyqP9Dsj,RPG,5,6,7,8,10
_GkbOKP2m3axRmtaqOrtMSLsy0h,RPG,5,6,7,8,10
Fy_O4xe12NqoB8kZdgkWbKpuq5e,RPG,10,15,20,25,30
F082FKYgeG0OO8XlUSzE5uaOgL0,RPG,10,15,20,25,30
NZovNIr0rg31biIujx57E9I50al,RPG,5,6,7,8,10
saBGD_BiuPyjaqc64ZE3haf7eB,RPG,10,15,20,25,30
M_RUF4a1mTMe1yXnkrsoRdNkzyd,RPG,10,15,20,25,30
SoWie3uLoUKsztCj6evpGz3MlEf,RPG,5,6,7,8,10
GrInmYSQuSZLaj4Wtu9xgsHkar1,RPG,30,35,40,45,55
SOHoIb7Z3LHpnQ2K5ZExxNbZc4n,RPG,30,35,40,45,55
L9sTp2NFkKlvJmZ45xBJ2HMbFy1,RPG,5,6,7,8,10
pltKW4Ls3LkyZYD4Q9_p7dPkLGk,RPG,5,6,7,8,10
d5i7rIWsutIErsbMxMBnMbs2f8a,RPG,5,6,7,8,10
E1TI0tiWFYGXcMOsyclSbGd7q3i,RPG,10,15,20,25,30
bnZ2xSjPS8ha6ZUXHgw0XVKNjii,RPG,5,6,7,8,10
JzD97msAUCrXS_xAYaDeY6YPj0k,RPG,5,6,7,8,10
u_o891BBsZkd9RXx0sDwWeiJ9Lm,RPG,10,15,20,25,30
uj73cp79gGWkgyGx7GIS1mISLbe,RPG,5,6,7,8,10
vVPriHScmk0letVvxceJIITzvnh,RPG,50,60,70,80,100
2WSpb4BJgH_pUyd5D9__dS2eB1g,RPG,10,15,20,25,30
SpW9Mdf6ARDBAsBl3RJDYMMskrm,RPG,50,60,70,80,100
38jDE_pz3ueXHDpl48d2hxwvpU3,RPG,10,15,20,25,30
Q_jbrQBo77Xoa04uAJ5Rw22zhCa,RPG,5,6,7,8,10
YMO079nMCcNxoC07d6YKwN3LQ5k,RPG,5,6,7,8,10
CvjRQUJNbbUQvZ_32UjRGverZZa,RPG,5,6,7,8,10
hpUEdazdvgTlKT2jcKsNPufkjZi,RPG,5,6,7,8,10
In6vRSfQ1CyPY2GmlBa2FbbBof3,RPG,50,60,70,80,100
n2_fEbEBP6o4486vMs0urUq7yL6,RPG,30,35,40,45,55
7Phuj6Bnum_GlCj_7NLbhNnkaZf,RPG,30,35,40,45,55
B2uH0hVzgOscSKIgllARx6cFu43,RPG,5,6,7,8,10
nATTknOsxzLCFrjorSAtiGou7F0,RPG,10,15,20,25,30
FcPUutHoNgFb6yevSSD4Ze_yDQm,RPG,10,15,20,25,30
UZd90FPA2fMqfgjpi3tTDUIPcPa,RPG,5,6,7,8,10
1Dr0Wq5EVAO7wDirnbzw_5Voxg7,RPG,30,35,40,45,55
LLAZSlytswMRpLsuQz9elZR7Q7g,RPG,5,6,7,8,10
bUvkZzjL0yM1pcD6NeJLpvTpQIa,RPG,10,15,20,25,30
KC3vt7_dzgeDjdccn6ANeOPPwJg,RPG,5,6,7,8,10
wh_9EwhU0zNInP97lHS5vVD1XD5,RPG,5,6,7,8,10
D_6KbGGcbDA8L0cVrxt7YwKFril,RPG,5,6,7,8,10
sByHucCsegycG0_g5ZNdMu72IF6,RPG,5,6,7,8,10
thsEoe9kCQfGjNKINuKrpvmaiJ2,RPG,10,15,20,25,30
w50gFWmTxX9teVINAbHfJzKWri,RPG,5,6,7,8,10
h1GQ2B_gOe1qBhj31YAbcKbhhPi,RPG,10,15,20,25,30
MJ5tIR8z3K9qJvmamZvK9PaMRQ6,RPG,5,6,7,8,10
NhqihORmdXsEWsxKccPen3Eijuk,RPG,5,6,7,8,10
0lNIo5PmTXTlxJ9GJUsVdpv42P6,RPG,5,6,7,8,10
Nd49aNezXyt2q_7tzHbo1Z26zUc,RPG,5,6,7,8,10
Vg7zUgCAXaPHyWZRXOgjjxl9rXc,RPG,10,15,20,25,30
J36X9UwDw60LJ1bRbo4YWnZcvif,RPG,5,6,7,8,10
F0KBhuRC0_vBp2jbtVo7__enOIh,RPG,5,6,7,8,10
5L34Y50hd11z29PfugloVfGtdla,RPG,5,6,7,8,10
66QTibm8pQ9F0QPB537mtTRyaz2,RPG,30,35,40,45,55
O_jT9x6TdI4c1nAPg5sooJZClF5,RPG,5,6,7,8,10
3_kgTuYvpIv4QpOz5gkJlZKWq6f,RPG,10,15,20,25,30
uEiQNeOfIjblRZPCtGgcbJEh9K3,RPG,5,6,7,8,10
xgJ7ssXxzrFzN1TvtmU9eGhT8Qf,RPG,5,6,7,8,10
pvnYPH5du3CtK24vYUbOUY7zTtg,RPG,10,15,20,25,30
6O_nMVKE5NS1GUnp4Sal14GVTSa,RPG,30,35,40,45,55
eZ7ZpignL6LrcExEqZvYnjIw0r6,RPG,5,6,7,8,10
s2RbP0MFUbEDTWR12JIITl7wiJ,RPG,5,6,7,8,10
e8h_k21vpVVthTCe_cUyenzxWoc,RPG,5,6,7,8,10
5FJIFxhXVsmEYaLVUyUb9D43sq4,RPG,5,6,7,8,10
yM53mzRyTgdcsmjGLmC8TwpRvS3,RPG,5,6,7,8,10
mOOIkDjvVEi5THOFpEwTwoOsphl,RPG,5,6,7,8,10
5oPNtuV7xFQY66qemomDhZfPZLg,RPG,5,6,7,8,10
JNdxenJlUuyHlbKsbAFV9P7Oz94,RPG,5,6,7,8,10
M21I2SGCgtEbIMCO2eSjZwQV9e7,RPG,5,6,7,8,10
Jujb5duc0YByVmhQ9RiSGO2osY7,RPG,5,6,7,8,10
9Age6A2dVl3B6hV_89pVvKe3Agm,RPG,5,6,7,8,10
VkU3eiHTMg7bCSI4XnTCxOVkmbg,RPG,5,6,7,8,10
PxTh8iIHhiyqiMRUOTkekomUhYh,RPG,5,6,7,8,10
La8_uoRSH8ptlHJbH1eIx3ACM_8,RPG,5,6,7,8,10
OZOc_AOXLhByr6tJHnEoZRDiPrd,RPG,5,6,7,8,10
gvsYygVKG3ZnFHw9lv9udFLlMUa,RPG,5,6,7,8,10
HqLccdpvZC8qbySwA42PMbLf9C3,RPG,5,6,7,8,10
BtgwHuXZYIeQ77Mp8CQUspJuqb0,RPG,50,60,70,80,100
Qk77ovoeangqcK9UAlE6okZzVTh,RPG,10,15,20,25,30
0prQ4Og0mTnCNgRUy_oi1PUskr1,RPG,10,15,20,25,30
WmW2Xv7XFI7v9XcUjnmcHt1eoX0,RPG,10,15,20,25,30
zkwTpF3JZzC21sOW95UyN0DWQrb,RPG,10,15,20,25,30
GY8ewhoTqFKHkH2voaSbdBYYwld,RPG,10,15,20,25,30
Jlo8WRqeVLW68MxtX1e5qTJ2SDd,RPG,5,6,7,8,10
fACU8LTA3VfkbIXE6DO0s7jerWb,RPG,5,6,7,8,10
JhBz9wtAGoLOXepC9Bx_ScST2f,RPG,10,15,20,25,30
9pj_RiVw9rjSnFN2ELUMsQuXvw4,RPG,10,15,20,25,30
uvaywtPj6gGZw7Vlwwh1tPoLVCl,RPG,5,6,7,8,10
8ZIxpafNJY14foj8H0VqSuYI547,RPG,5,6,7,8,10
ofndjs5PVKkSSWLMKR1LNeLJ4A8,RPG,5,6,7,8,10
S0sLuIjwASvMwq1zsOU75rHWKlg,RPG,5,6,7,8,10
IYkziLnkWpIeyYVMJHSkBUTE_Ph,RPG,5,6,7,8,10
LUEQeEGUdyKlueDtl80n9vL4qsg,RPG,30,35,40,45,55
vOGkCahMIBDodN77wdElqBNdLYc,RPG,5,6,7,8,10
joRWnZd7pntImYcqXchbWnNObmm,RPG,5,6,7,8,10
LHnbn9GP9ee33L3_flQ9p2TZo0f,RPG,10,15,20,25,30
jzxxpWT3RYeqRhGe9W0LX0M9E0c,RPG,5,6,7,8,10
aM8mte36_dhTDkqQqpfiNfK1dV8,RPG,30,35,40,45,55
P9twt38sXaUb1hRSvnet1dDZD4k,RPG,5,6,7,8,10
AkqK0yLCjFllk9qHTFuUNsL_cFh,RPG,5,6,7,8,10
jdRdTQBSo9_sJltlc4Km08kOurg,RPG,10,15,20,25,30
9dVVljEg6Q20fN4RRHcuuNtPD3j,RPG,30,35,40,45,55
gUad0lS4ue3t_QEXslrP7wRPc_7,RPG,5,6,7,8,10
_UfH57jUfRwqkaTaIxArAGBWsbe,RPG,5,6,7,8,10
IvHveqQQ29vpSa987CxT6F5nPaj,RPG,5,6,7,8,10
oO5Ue7xmbb7BCSBhFoVbefvFjv1,RPG,5,6,7,8,10
rlebRGEJRRb9hpTrqNOF6f3IE_1,RPG,5,6,7,8,10
7retRnY54s7A30rgb8AOqqsO923,RPG,5,6,7,8,10
OJRl9ywdBbK9B9EjdIMBaaD9zc6,RPG,10,15,20,25,30
PKxOCdOdAlivBeeTXYj0_L69l97,RPG,10,15,20,25,30
WQ6TuL_cZ0n6qRNj37gmySrRWc3,RPG,50,60,70,80,100
cdjDd0gXwqaEQoJRKp7KwMudhkf,RPG,30,35,40,45,55
SzFTGUlbC9cSPzOvokaPGC9Apaj,RPG,10,15,20,25,30
2H36Ldpc6TveZ_bSVpz99eN4vf2,RPG,5,6,7,8,10
PFmRp_JNmGWrfyuhrJUGxowCRI5,RPG,5,6,7,8,10
jny6u0v1Xi2PZIFXaVl7NOVRX92,RPG,5,6,7,8,10
pD5_htKYGgAtdSIq_gDOo92mQM4,RPG,5,6,7,8,10
e9pUMaBkDEF9Ko2MMP4tLnc_o_l,RPG,5,6,7,8,10
RKmrZ_Kf0U9s968F5lJFENS0Obf,RPG,5,6,7,8,10
E8b4OeT_IAIGAHbsyvgXg8dVQp1,RPG,5,6,7,8,10
dWFO7nsksjY9mAzFrrIzRfEpU5l,RPG,5,6,7,8,10
cW_8NKNhaFs2nLUk0tWSziyvD5h,RPG,10,15,20,25,30
6j_NDLlw4mq2sa_l1SjstOh4D43,RPG,30,35,40,45,55
DIg4LemjYqlQW06nP0H7eQ6zfu,RPG,5,6,7,8,10
7NO3W88s6YTKGzgpu7XRVjwVlrm,RPG,10,15,20,25,30
La8_uoRSH8ptlHJbH1eIx3ACM_8,RPG,30,35,40,45,55
I57y1HTuLbvIOwXRc1y0oCcCM_m,RPG,10,15,20,25,30
KzM0APeKvPivUR6u0RfPRHJ_849,RPG,10,15,20,25,30
wzcVl3f8_KJaA01WOEhP5W_fXqc,RPG,5,6,7,8,10
L51YywAOXQmqoYntY5v5upfvCXk,RPG,5,6,7,8,10
9tkBykwzT2oEZ2qqpu1ZiXNvSSd,RPG,5,6,7,8,10
2Q6ebMF7d14nIXgdM7AXQ0VcWp0,RPG,5,6,7,8,10
emBRjvkG5IsKMVXfQO6GCZ2vkkc,RPG,5,6,7,8,10
dSE9zyeAK1Mz5VU3WNaZOCwhHR4,RPG,10,15,20,25,30
OWBVtrP1kzQm_DPNL4mkLA0W2Fh,RPG,5,6,7,8,10
uUdkrSCaRtAmPYj1143vtnheB62,RPG,30,35,40,45,55
Nh8G7CoUW43_29o7uh8FMt4mMZa,RPG,10,15,20,25,30
Jeyd4IZgvGwIb_i_cvmgG47MqMf,RPG,10,15,20,25,30
3WO2MtC0KfSUM30kmKIzN5Xa8b3,RPG,5,6,7,8,10
8srjATTQDYqztsJYJNvt3EKanVi,RPG,5,6,7,8,10
DIg4LemjYqlQW06nP0H7eQ6zfu,RPG,5,6,7,8,10
VGFhVY1OP93cg6K1h7yAvAifRJm,RPG,5,6,7,8,10
Pjy0LZuwOQp7jniKqsb3rkKNtta,RPG,5,6,7,8,10
P8yjfCwQNbuUtJhzAmQRNqkNt9k,RPG,5,6,7,8,10
Pabp3lpgjXvL2bM6b5ndaBlDyz8,RPG,5,6,7,8,10
clld04sSyQP7bycqzosLfGtj5Ij,RPG,5,6,7,8,10
eWPLll09eZ_VdpbO876enYAqn9g,RPG,5,6,7,8,10
4M9YV3p8t_XSEf67l66T8RnFnFk,RPG,5,6,7,8,10
9C076JrbtgWNKUm0VCastQYakPf,RPG,5,6,7,8,10
twj1gbpKczBtzYOoXATFFKfokxg,RPG,5,6,7,8,10
HzpksxcZeuJ6cGDZlw55T_fldx5,RPG,5,6,7,8,10
C__4ueXXrssfzGhvzOfoBzljuh1,RPG,5,6,7,8,10
8nyu1weNzP8JcRxLlZUZceM4IY,RPG,5,6,7,8,10
2isicbXIia34a1PNHvI53gvnvc2,RPG,10,15,20,25,30
GnUYQ1racuiJZMQt3y7SJAiIv6,RPG,5,6,7,8,10
_Roby4cL_H1WngQbjQFzpzOSne8,RPG,10,15,20,25,30
gq5ZOMprGsWq5VM8cXqyILI4dh7,RPG,30,35,40,45,55
aZDGrOGXdpP7_JR0Zy9EYhxrTh8,RPG,5,6,7,8,10
8iCCwj_cNMp5yWT3NVVnz1oWUyl,RPG,30,35,40,45,55
miFTf5tAhFiWASoX1biwQ2OP6oi,RPG,30,35,40,45,55
qVO2jE8mUcAsxFw2ujEKSvJs1wa,RPG,10,15,20,25,30
HEE3QKCf_A1SLmsxx8DpKnE5hW,RPG,5,6,7,8,10
ebU3d5iantu89NOWqCVvTiZBG19,RPG,5,6,7,8,10
YJMOtGJ5XK0cJa2nrYwttrrScim,RPG,5,6,7,8,10
ET7zFW_g3liZ3oGF2ynnovvKmg7,RPG,5,6,7,8,10
s1euagNf5mQBzc9LUFJw9LZm9x2,RPG,5,6,7,8,10
kyVJpo8UrjKjVTeWKgp2Wcx8upm,RPG,5,6,7,8,10
368fb3vahQeVfD0mP6amCNoYqWc,RPG,50,60,70,80,100
q2zyUTrUwSv4EZ97rUAiNgT9_Yd,RPG,30,35,40,45,55
zxpGq6KaHTvs9UfpYnNw0aF37pg,RPG,5,6,7,8,10
ibxnk6TrgtxSzVw5MB_4O3Q7NY5,RPG,10,15,20,25,30
U564JRjIiHtYQjTezG4hvFkwgK2,RPG,50,60,70,80,100
IEHh4SLdxsfIM3Ot9N_epXKMu9i,RPG,5,6,7,8,10
8A_VN4I3S30ZmOpwcG_v_ImwDN4,RPG,5,6,7,8,10
T2EOTDCq_WY4VGpK_k5_PIva4q8,RPG,5,6,7,8,10
x2exbO_2MWjTu01ihknBThK5Ztc,RPG,5,6,7,8,10
QYT35YQcCw9geDQCiWPlSM3qiNi,RPG,5,6,7,8,10
skpOCbO6vKYZvDFkK1ym7f2OWa0,RPG,5,6,7,8,10
BA0J0aFUlq71Yw7SCGSaZpew0F4,RPG,5,6,7,8,10
MiN4nH2am8sM_STWWM2uXC9UOr2,RPG,5,6,7,8,10
uEJa1gC7iKpWQaips29k0eVHnC2,RPG,5,6,7,8,10
DwZLCqVZWAcpy9Q8KR3vj3TC31a,RPG,5,6,7,8,10
IWRBApsltiTK2fPLfVC7Q93zt3n,RPG,5,6,7,8,10
gTKCQAsXlZNBAmLcAsnqtk1RJO6,RPG,5,6,7,8,10
Qi0wC3EtpTFn1i39oNARdr21ku5,RPG,5,6,7,8,10
snNnp6U186mlYn3amRHGXDjMGfe,RPG,5,6,7,8,10
zQ7h4sVFHbjcq14WHMRhHd9jZoh,RPG,5,6,7,8,10
Kfas3_Ajq32qwA3Y9qdHyQ7aNIj,RPG,5,6,7,8,10
38BeflHCxw3Sxu9tFd9MEgAdiod,RPG,5,6,7,8,10
H6SXOy2usXiHBgXlamnVu01cKLd,RPG,5,6,7,8,10
8d2JkGhJG_qwpLamz4Mt9txcAi2,RPG,5,6,7,8,10
lWcRL8JxyKR_wgHfugTOCXQ2nvl,RPG,5,6,7,8,10
L0jKuqCJw59GwCHGQ3FR5_KXYC0,RPG,5,6,7,8,10
__Aky8CsDcV6n21tSNf4REEeOUi,RPG,5,6,7,8,10
sMDfenT7uzONHio34D2NAFaP8me,RPG,5,6,7,8,10
sz7R7Ld1Ay6NGXWmalouxdkIzv2,RPG,5,6,7,8,10
M3CRPo3JehsV6dT_mK4ekU69a_0,RPG,5,6,7,8,10
yFEcR9OMmSetkW9lGZlrKzBEuc0,RPG,5,6,7,8,10
aNT5WdLlKgn3ZKCnNotIWP_HDna,RPG,5,6,7,8,10
h300Zz5YkTT3fGzzqtZMkkW5xJj,RPG,5,6,7,8,10
uF2ugf1sZVF7jIyUFxewxinMgd8,RPG,5,6,7,8,10
FBJkiBCEVath70jb5zwoLmpr2Lh,RPG,5,6,7,8,10
ZAi85P4s1k6MVB18sgenOzSIL4f,RPG,5,6,7,8,10
jr50EG9kebMHXLv4pZfxwpHMQB,RPG,5,6,7,8,10
P2qgCB3MztgBrzc27g8Xvsojy83,RPG,5,6,7,8,10
cNi7QtnAO7XB7_1QhrGdv0HbePi,RPG,5,6,7,8,10
pgnVCXEDPUaPvo8Ieziwh5uwmN0,RPG,5,6,7,8,10
h9D2J7orwFr3zOYOi9Yow6Eokgg,RPG,5,6,7,8,10
uDdBWM3LA144iDCSpZgGMDE6akk,RPG,5,6,7,8,10
Y1g8p9gu1w3jtIZAZSS5E9NiwAj,RPG,5,6,7,8,10
QK_523JJj0KKqPAN06XpWLgvFSj,RPG,5,6,7,8,10
VDsdoqS6h6ZAb97zpJGYwfwNpJm,RPG,5,6,7,8,10
wE7pWwoE2wjdptpIyUkXe9aAwV0,RPG,5,6,7,8,10
uoamfPngqHpym_0yFy3t2GHs17a,RPG,5,6,7,8,10
9WqY23sVYYDatdpYwtIOd_LYTz,RPG,5,6,7,8,10
OhqvJzfqkXIkxjwqlPwxaCsO97c,RPG,5,6,7,8,10
LRRKMC0kaiimFjruxu6otLSZOgk,RPG,5,6,7,8,10
Eru6diamKIZDFbIiY0LjjMP5q1g,RPG,5,6,7,8,10
FHfkX3e4oMsKm3xsjnorSTLkNme,RPG,5,6,7,8,10
UNAb_EG_Ul_TzYldyAtgF645a6j,RPG,5,6,7,8,10
ahzzQNi0l31BKrlHAHTL5Guav32,RPG,5,6,7,8,10
pnZBWle7Sj_iSGeWi5CMH56EHgi,RPG,5,6,7,8,10
yIgxnTd5G60xjqHlDF5Bm44s_h5,RPG,5,6,7,8,10
pEvt5WhPKxYJkj6sbmzFtke9ZQ9,RPG,5,6,7,8,10
t3adt48AgZtF4GsteJu_tgz7qUj,RPG,5,6,7,8,10
7MT9HGWl6OBBvuKphKTl_2e7eAk,RPG,5,6,7,8,10
inCpGz34q13TQ8nq_f8qthGAYAc,RPG,5,6,7,8,10
MHXcVyDyjRmKDDQENiPcblex7Df,RPG,5,6,7,8,10
JTOFGgFQ4ySYV2FrI3SivfIyWIm,RPG,5,6,7,8,10
C_GhveRFhF2brvZ1DU0fRhy14Bh,RPG,5,6,7,8,10
Whpn1XHHM7yKYQdLt8SSD86Qtpl,RPG,5,6,7,8,10
D1NQBH_9f13XuRBMdsGw9q7C3ul,RPG,5,6,7,8,10
aMvlLJF_5UCeXysq9Enfnmq_2l3,RPG,5,6,7,8,10
8iBMV3unY0H52UTKuGRSAfqYIff,RPG,5,6,7,8,10
Ilu2aFrnjrwPANYsCMoJyhjNki2,RPG,5,6,7,8,10
3NsoqsZ0bDf7kTkpwbCjYfryxuj,RPG,5,6,7,8,10
LYAuwiOAWOJM7EtaeE5pWNWqwAa,RPG,5,6,7,8,10
n9RDC4IXQ08YmhrXsrMY1J_NZp0,RPG,5,6,7,8,10
wXVBGJqWYpw9t7zW5AzOEWyQgMd,RPG,5,6,7,8,10
tYipf993vMrIimEKtAHCawiJPd,RPG,5,6,7,8,10
vEkzvWotQElov_9srUXtnIXXUlk,RPG,5,6,7,8,10
F3sw5W3SiQM2UZRHGHUbKQtLFV3,RPG,5,6,7,8,10
fQpoMbaDZebnNah61jGV68Z9eig,RPG,5,6,7,8,10
KNWkz7RiyLIlTTtPRg6IPwZa1xi,RPG,5,6,7,8,10
JjrJk50HEmFiWoF6Nn4yoShiZyf,RPG,5,6,7,8,10
8JF998DfmE5LbyIcKy2HXRI2Ppg,RPG,5,6,7,8,10
mbGPHSBjbzxxtxKwanPAOmwt1Ii,RPG,5,6,7,8,10
qFnUTJvSks53gCDV34qYdcx9A9m,RPG,5,6,7,8,10
mWUzQTrKV3_ymCmFoExKfsQ73zm,RPG,5,6,7,8,10
iFZkSk4U_fNFbRSXYgqanS5hJ_h,RPG,5,6,7,8,10
0XtKyMF5ZVmuyWNGVAbxjHUszRl,RPG,10,15,20,25,30
hZSyMPuSq7EShK33wsvwcELXET0,RPG,10,15,20,25,30
ofzfUcGKjf4VylEvHR_PmvTFkNc,RPG,10,15,20,25,30
TO4smJyPJi3k54V3_zHPboe0Uh8,RPG,10,15,20,25,30
DaaEek_Z14ToDBZfN8dXJ4pw1X6,RPG,10,15,20,25,30
iGk1b0fqrIAoMf1k4SkckXP0Da8,RPG,10,15,20,25,30
h5SHSzzY6clMfVCb7fpfw4cUbc7,RPG,10,15,20,25,30
HZEZpgZ4OZaohJIZg9jQNMYaRX6,RPG,10,15,20,25,30
HcTPfAMjjv2w_GreLnPJnyqc1X2,RPG,10,15,20,25,30
eKc3DV_tMeXtuS3EXEs0nUy8FAb,RPG,10,15,20,25,30
EVszKNT7SgLtboe6OPOmBgbpwMb,RPG,10,15,20,25,30
ktTbyZaoL8Th6nj3PSdqvBUnvD1,RPG,10,15,20,25,30
c5kCwjKv2IQ3mNXYCpYCK_ZHh3f,RPG,10,15,20,25,30
zdvpihEiT609EBSapxXKMI7mS22,RPG,10,15,20,25,30
4Jx92xVYLLznuFO5QloIqE3vG56,RPG,10,15,20,25,30
1SRbaQvgisQo1pI4MEe5FtDAzgd,RPG,10,15,20,25,30
Eu4EqcNaz0ioG2N3GER1a2TJwtc,RPG,10,15,20,25,30
z9GQow9mvw_SK2LuWhEb575J0T3,RPG,10,15,20,25,30
8kt0jg56WQX7rnWySKoLlHMnC2i,RPG,10,15,20,25,30
slDOSvmYPKoC3rgZXxXR1VIPI0k,RPG,10,15,20,25,30
pdPRYwogJwT_VX_EQOtLOlDb7u2,RPG,10,15,20,25,30
HQE8MWPK824F4mI081tWrQp6Jp7,RPG,10,15,20,25,30
KeViqyRbWRrxlKKR8NsT1tBGkA7,RPG,10,15,20,25,30
xfoDnCgRTnbRKi4XvHdh8ntWWLb,RPG,10,15,20,25,30
4NlKBxUQKlZXHWneLVZeLVRS6bm,RPG,10,15,20,25,30
hlsXADglPRqlokIow2v9R5s4Zh9,RPG,10,15,20,25,30
9snPqkNqr59sNyT4D5MtkkGWFh,RPG,10,15,20,25,30
UzxgnvapH4cs06x2TOfEiURa_Td,RPG,10,15,20,25,30
xZFI8rLsXK9N8K48QtbxHCQN3S0,RPG,10,15,20,25,30
FNhWJ2XdIcXIrAvrc7zNitmHpwg,RPG,10,15,20,25,30
Sb8hMEAoIxzQzMYnojGHju7MLI2,RPG,10,15,20,25,30
Hy2HwU3aD7O_di7fJByOlmjhxe7,RPG,10,15,20,25,30
G3rItQsCU8OG2uqVq93dI7ZWWS1,RPG,10,15,20,25,30
9sMYp5QndEmdkLfy6FX_7_kS23a,RPG,10,15,20,25,30
ucZA1mSNjPz5t4ppuJOtFmVB46k,RPG,10,15,20,25,30
S5hgcwWblb43ElBIPgIvsvlnGR8,RPG,10,15,20,25,30
ktWs7WGdMeK237a5pAl84qWmuz5,RPG,10,15,20,25,30
Fkrc5eebfayxx7gtK4bJJ1LQdQ2,RPG,10,15,20,25,30
0F0x7PHzrSeCHoxFuFZm0xQ9li7,RPG,10,15,20,25,30
dn7S1IflDo4wnbLk1IkHbrO4ooe,RPG,10,15,20,25,30
xqujNxSzebsjDL7HZtp5BZQRlYb,RPG,10,15,20,25,30
9ilaE92BdwchNCY3KJ2ui7m3Ruk,RPG,10,15,20,25,30
FmHe0cS3QxCLIg_M2CMRQBsxGgm,RPG,10,15,20,25,30
a_TCquSds6JdrBcd_q4eJleMdf2,RPG,10,15,20,25,30
kl1SSM6DbdMTyqtDo1IKM0t50W6,RPG,10,15,20,25,30
ms1QfpR3ESF5V5GQNXn7coNItHf,RPG,10,15,20,25,30
ber_rvFtejOKc1Hj6AIsvkr7W64,RPG,10,15,20,25,30
plZgvNCmk4neF5sQ0Kp0Ph2SUM,RPG,10,15,20,25,30
dQLIjLeO9obVEeNVxrtKWoDdyn3,RPG,10,15,20,25,30
lkdAVtawNASmsf5ofzJ71qAjjy0,RPG,10,15,20,25,30
U1JK6vbFcj16lGE1uNtync0uCS1,RPG,10,15,20,25,30
qKjTG8U9e1SWSJgzrTK7bQEj7il,RPG,10,15,20,25,30
jx_awPd9G6G1s4rul2MaSYizJEf,RPG,10,15,20,25,30
0_YmL9uvFFX9L9zlMNFQXgWTja4,RPG,10,15,20,25,30
SCLy2c1OsQivtXOYiMFJV4Yak9l,RPG,10,15,20,25,30
uHfPLBOTwVLFkJMpYXwtZdn7ZF3,RPG,10,15,20,25,30
1jZCZb8Mco2EOsvGAmOQLfBytgj,RPG,10,15,20,25,30
ibD4sx6M6FiEflAhAJQi_Uau21j,RPG,10,15,20,25,30
mSJc4h76NypP1CImzzq1tpfgR37,RPG,10,15,20,25,30
RTLwr2333fZyWYEilVYVBmeovd3,RPG,10,15,20,25,30
ojBWuZbFx9qXziFnui17lF5l4wh,RPG,10,15,20,25,30
9TxAR1C_JbH4XOMhzEgv4qA_zvl,RPG,10,15,20,25,30
ncTT3se29P51eMYlQEEbvHW17Vl,RPG,10,15,20,25,30
N0HUP0Q6DAT5TZ1cfVHxv3H3aw7,RPG,10,15,20,25,30
49Lcnyuxzrbbam9YY0k8D_Ccrpg,RPG,10,15,20,25,30
voqOgEp4HUyc9joIttSPVSP9XJh,RPG,10,15,20,25,30
rt6wr1VyuwVTpyDeCN5HKuAhrTg,RPG,10,15,20,25,30
ECqO545RUFd7YJg53pT4m2aSdWh,RPG,10,15,20,25,30
m23WskXYU0Q68iArahIAJvP06Ml,RPG,10,15,20,25,30
QTvZZUZMsVlqGwq63PyK3z5595g,RPG,10,15,20,25,30
DnlCeq94CJr45XGIzX0ONQo1dN3,RPG,10,15,20,25,30
xMxEGCWslyQz0BrLo8ktzlXKwef,RPG,10,15,20,25,30
dMA39Ybv9m9j2bhSyfcGkJ4oc6a,RPG,10,15,20,25,30
d8ZqcCT4XxKWUvZ1i7q2urY7lCd,RPG,10,15,20,25,30
RaKreQjBUYZCc_Bx1JWUU_Vtl6b,RPG,10,15,20,25,30
Ilu2aFrnjrwPANYsCMoJyhjNki2,RPG,10,15,20,25,30
rLxD_6si1bHsOpRRbL5zmlG2zt2,RPG,10,15,20,25,30
NjEXuQ8yr87EVOJfcdcyYCwT6f7,RPG,10,15,20,25,30
TnAF2QJLTakwFRZfIZzEV4VQjGj,RPG,10,15,20,25,30
wmx23PgdXguq3zfpHPUMewIqwB6,RPG,10,15,20,25,30
2siFr4VkpzYAE17qqvjxY9kUlxc,RPG,10,15,20,25,30
j92LHKXP0GLYPnUIPPUuYlRbLq8,RPG,10,15,20,25,30
DZR9SlTsIXG5CVfOiafepQmr_xf,RPG,10,15,20,25,30
fUIMBXrtLEO8JtJqibXB2arWKB5,RPG,10,15,20,25,30
HZaSBSYaxfHNXEJ5vRNoULelyGj,RPG,10,15,20,25,30
_nOPMyTufDeSeIffo9vToYhoKxl,RPG,10,15,20,25,30
5zkWdxTyItrBmIRtUcF4xrMaRAe,RPG,10,15,20,25,30
mksduUowYoGz3FUADkxO5Q9tyA2,RPG,10,15,20,25,30
x9u2JpFbAuObDl9pn4GWTYobUT1,RPG,10,15,20,25,30
zGf_WiVAvNVRc1_ulfx1R1mq3I3,RPG,10,15,20,25,30
4WfeLoicCRiLXPVQgY9FGS_2fSb,RPG,10,15,20,25,30
9z3LXz6lWbokIFu7yZXGvvYgMii,RPG,10,15,20,25,30
D5uEcnt2HLxASGNUoc_vnLCujB3,RPG,10,15,20,25,30
CIcCWc0r0MBZtPuQv90LepT3BRi,RPG,10,15,20,25,30
2MqJKnUItGDWbVN7VgGg7BVF5q7,RPG,10,15,20,25,30
YdvOlqZam34vuAeS455DHFSSXHm,RPG,10,15,20,25,30
G0koG4QtEf4XpRptq06TIE0tHP0,RPG,10,15,20,25,30
srHzSpEG_nPYtKSQM2zdz1hUTwl,RPG,10,15,20,25,30
oL1KFU56qcAxv3oZhifDbVKFo1n,RPG,10,15,20,25,30
EmNcGuRjMiLxHWOVbnCyEpwc4S,RPG,10,15,20,25,30
cEObsMU_R0Q3R2TUKf_bgJQOab5,RPG,10,15,20,25,30
gQvZ9M8znw2XMibLlOtvS8e6uEh,RPG,10,15,20,25,30
SLZY1yEgfFpuHYPlFzblgwI_3Oe,RPG,10,15,20,25,30
5252Q4TCHkB1LPobkWuXa8zVEp0,RPG,10,15,20,25,30
g9TrCuad45GKjxTmUC7XxfiiWXi,RPG,10,15,20,25,30
EvNR3kngmWrq0GBCiYoRz3pi3J5,RPG,10,15,20,25,30
y5iZ_6CbFCJBemqzo8eYjofuANe,RPG,10,15,20,25,30
zPWoo1w6MlhhsfwGRwZdPUkaZXd,RPG,10,15,20,25,30
x2sa7icICMLkUKM9OA8vuc4qDE2,RPG,30,35,40,45,55
gdNwSwGRZ8v3CnM8zeSDzSv_UEb,RPG,30,35,40,45,55
MhVneS0OgoOpovsEkjPwBOS5en,RPG,30,35,40,45,55
TedxU1rpkNImA9lB3Sm1n6X7XDd,RPG,30,35,40,45,55
lNKkoz467uJIgRC5RLi3xcGI57h,RPG,30,35,40,45,55
e9pUMaBkDEF9Ko2MMP4tLnc_o_l,RPG,30,35,40,45,55
3jv2rwu6dkCDc8zhIm88Vd_Xy0l,RPG,30,35,40,45,55
zM51QNSxFa5C5jGd0aeK3EzOYRb,RPG,30,35,40,45,55
ZKkTi4rJNb9kEOM9DbKXVXeGCua,RPG,30,35,40,45,55
YZG7oqNDNgksZ0mOY6QlWoud6P,RPG,30,35,40,45,55
wpYTz9TckUhzG4OqI1xvWMwG3ee,RPG,30,35,40,45,55
QiclhwYNLzjWxKkNRPEc9Qv6Y1l,RPG,30,35,40,45,55
P3mK7Wn6A17FuXFU2LRShrIlWl6,RPG,30,35,40,45,55
VhCb_cxfdK7GEIYwTfu6OdOXKR7,RPG,30,35,40,45,55
gE3RwoIadp2kPGb3MplWheBkB4c,RPG,30,35,40,45,55
2JKpSDBXxuCU2rauPNVCygzO7tb,RPG,30,35,40,45,55
TyeUKWRodRtvv2a24axwSHv3LSi,RPG,30,35,40,45,55
1goRCJgrE0QRO1h0NW_auD6u5Qg,RPG,30,35,40,45,55
q8w1PomAJ7KsyB5VQ9aQ5DSegBm,RPG,30,35,40,45,55
JYTxF3L2n3OOiEwoqSA6_c6Buf8,RPG,30,35,40,45,55
FzLYXvhHqfONBl48gSE1wWgDrH1,RPG,30,35,40,45,55
LyLj5LpwUEZXp0Y0Q4A9JAzLPS6,RPG,30,35,40,45,55
2SxIBIGjs5xpPtWy13hCUmBM18i,RPG,30,35,40,45,55
0jQks8PaZMUQpQUAYxcn3Tn0iY7,RPG,30,35,40,45,55
Mt6nhGOF48oh6jTWciNa6kWVKfa,RPG,30,35,40,45,55
h6QLP4azFRHxU6gmI6aHA3K4Qk8,RPG,30,35,40,45,55
1MbV30WT0EQYpaJmv6BbiYJl2jc,RPG,30,35,40,45,55
QVLC1IH_7uhOGCPxQJLnpgbXYi4,RPG,30,35,40,45,55
MeSQRmIIfbDG5dxnlj4llBqWwZ6,RPG,30,35,40,45,55
9unFNp0jXgSzDb910SdnR3N8nTj,RPG,30,35,40,45,55
WpCSeCvelwERR_dqJUAL4lGlK3b,RPG,30,35,40,45,55
hohRXniNGfOjbx2SvuxSpxVs_94,RPG,30,35,40,45,55
slo2xYIzwFlJmH5stGvnFdHmk6a,RPG,30,35,40,45,55
vANuyHyUJfJtzZtjSky2WaiQPtf,RPG,30,35,40,45,55
aNZK9c3ws1Nx_hQvVOtzDak3mP0,RPG,30,35,40,45,55
XOYCdun9_cCLWOuUlU_QrQaFTw1,RPG,30,35,40,45,55
368fb3vahQeVfD0mP6amCNoYqWc,Trial,50,60,70,80,100
U564JRjIiHtYQjTezG4hvFkwgK2,Trial,50,60,70,80,100
86rnEpls5dwu4Bv3RsDiPwCnnh4,Trial,50,60,70,80,100
2eBu7OTaATvWxS5j1r0DPvKqbYc,Trial,5,6,7,8,10
N0D8IV28m52Pn2kcDUJG5kxmSad,Trial,5,6,7,8,10
9QGTDneRvXPBgdpaffRG0x4ltH2,Trial,5,6,7,8,10
ve71FzWzZoxF9NAdOBvJERRUNy0,Trial,5,6,7,8,10
dKho1RTam0JTce9Yq4sfyJSh9W1,Trial,5,6,7,8,10
S4rKmQPdvtNcicrJejA9xbEdCqk,Trial,5,6,7,8,10
nlU5o1whVPItiQ0W1s3EjZUY0Jl,Trial,5,6,7,8,10
zRsKEgaZEDuqP77eipLVakGWZmc,Trial,5,6,7,8,10
u3282ZxICCjhfPCJmAZvTVHtOg7,Trial,5,6,7,8,10
n9RDC4IXQ08YmhrXsrMY1J_NZp0,Trial,5,6,7,8,10
DvDqoB7cTT0dvTw0wC1x7YDgxe7,Trial,5,6,7,8,10
2hfynbmn4s6YUmJJziudTeIJqLb,Trial,5,6,7,8,10
vVPriHScmk0letVvxceJIITzvnh,Trial,50,60,70,80,100
3imQnmXpiUVx_spriQaD4ExdqLh,Trial,50,60,70,80,100
SpW9Mdf6ARDBAsBl3RJDYMMskrm,Trial,50,60,70,80,100
4tIsz8r9HdzM701v9RXFwNjWsUi,Trial,30,35,40,45,55
In6vRSfQ1CyPY2GmlBa2FbbBof3,Trial,50,60,70,80,100
3K5bqFUeelqA_LAs7j628XoOnpe,Trial,5,6,7,8,10
VopkNKhNGFv9WpniOhE_OaP0AM0,Trial,50,60,70,80,100
n3hhSpLrqwfek3mZPA9FjfLX08l,Trial,5,6,7,8,10
IoEz6A8zWtIfCQ1C8woIQQM_fUa,Trial,5,6,7,8,10
GdHJT6QsXFWbvCz2Yuguhc9SJl1,Trial,5,6,7,8,10
BtgwHuXZYIeQ77Mp8CQUspJuqb0,Trial,50,60,70,80,100
YN1fwvI8p7vVwUevt9q4HLZmxCc,Trial,30,35,40,45,55
Vs8FFcjRYxS4NAunXGwCZJZsg9l,Trial,50,60,70,80,100
8H69eJpBe9WwATN55H6XzOmlflh,Trial,50,60,70,80,100
TxBdPuaVM5GxfWH1vLXZnNJGd4h,Trial,5,6,7,8,10
v7eJf_2jBd8yHGh1rCfcKCUBb8a,Trial,5,6,7,8,10
MySWsSgea9dOTz_Mb1L6VWC1Umf,Trial,5,6,7,8,10
t1MFEvAQ02jWnVObertjavkeYUc,Trial,5,6,7,8,10
waHJpbknENedLJAyyEMESq0cwD5,Trial,5,6,7,8,10
xS14UhvkBgf0YAL_ipTsvz_ljB7,Trial,5,6,7,8,10
cEbxpqI_5Jh4YLYJvwUYwWilUh4,Trial,5,6,7,8,10
obWOsZcTI_zqWVTF_c_doKgToX3,Trial,5,6,7,8,10
9MaCfbZtvK8fZcKHDOCcsiPZPzh,Trial,5,6,7,8,10
XwOLRQBFJ3ikeI_SSMYPN0SM1Vj,Trial,10,15,20,25,30
BH8kZlIBiAugFB0XyjtmhhbPPFl,Trial,10,15,20,25,30
WQ6TuL_cZ0n6qRNj37gmySrRWc3,Trial,50,60,70,80,100
aEfztoIZJWzS_hkpDF6N8PS49Ib,Trial,50,60,70,80,100
RNT7k2uMcHuqdgiJtcjp454P8F8,Trial,5,6,7,8,10
u5_tblGvGC_lvXyqAzSz5fOc6t,Trial,5,6,7,8,10
4n5PuQwAPMugELUig3TkeYpUQd2,Trial,5,6,7,8,10
ebU3d5iantu89NOWqCVvTiZBG19,Trial,5,6,7,8,10
qVO2jE8mUcAsxFw2ujEKSvJs1wa,Trial,10,15,20,25,30
JFWYQpWT5FB5JsjYo4CZMcjx9o8,Trial,10,15,20,25,30
4WfeLoicCRiLXPVQgY9FGS_2fSb,Trial,10,15,20,25,30
ZlPDDKIVH8ghUpO8fFnO873ABY7,Trial,10,15,20,25,30
1Il6pswGXXNUyxo3NWLc7YbAw0j,Trial,5,6,7,8,10
di5YlDTic7xOGAcd60YRWgiPmx6,Trial,5,6,7,8,10
ovs7_qQJyycntXy9FFP3Adv1NZ9,Trial,5,6,7,8,10
Z0s8G9oGvgH3oORl6wU6Gshagv8,Trial,5,6,7,8,10
AaokYje4YkotCPQF1_maCMGbhZ0,Trial,30,35,40,45,55
MR87xTpq4tQ54B8IXy6edr6GiRf,Trial,30,35,40,45,55
69qFuOKe1qygFHUhJku4xe6wNCj,Trial,5,6,7,8,10
ibxnk6TrgtxSzVw5MB_4O3Q7NY5,Trial,5,6,7,8,10
HEE3QKCf_A1SLmsxx8DpKnE5hW,Trial,5,6,7,8,10
UpWDczMaGUxJ_aTGrWwt87TsDoa,Trial,10,15,20,25,30
BFeoYG8HzHSIFCHXrKvB39smlxb,Trial,5,6,7,8,10
YZG7oqNDNgksZ0mOY6QlWoud6P,Trial,30,35,40,45,55
BH8kZlIBiAugFB0XyjtmhhbPPFl,Trial,30,35,40,45,55
6yEKYzOIxCwSHnwgc33T8Fwdtkh,Trial,30,35,40,45,55
KWOXoO3dPDAIlXOkWqDPFm0Xwic,Trial,30,35,40,45,55
_y6Q5S2Ni2c5jpUkRnCEPdmOcFh,Trial,30,35,40,45,55
uF24N_UXCy6zZbJV6csvvSXo0i7,Trial,30,35,40,45,55
_ElFWC0zBaIVjsSjhReBm1skgA3,Trial,5,6,7,8,10
TttrE7ds8sOexLXQeKONiicj2mc,Trial,5,6,7,8,10
7HfDt5DOpJ_3bU2IIIGlgMFQrsj,Trial,5,6,7,8,10
s1euagNf5mQBzc9LUFJw9LZm9x2,Trial,5,6,7,8,10
8srjATTQDYqztsJYJNvt3EKanVi,Trial,5,6,7,8,10
fFG5UmzqkjHSh05qqsroBiwedG5,Trial,50,60,70,80,100
yFJc1rPCXd6sRyhXJi4xEgSd_M9,Trial,50,60,70,80,100
cGLhfOJgb33ztPTrOwHCyhURjB9,Trial,10,15,20,25,30
cEObsMU_R0Q3R2TUKf_bgJQOab5,Trial,10,15,20,25,30
E15vpa2VMZk54Em8NKGTMVJdmyc,Trial,5,6,7,8,10
eJiPlKqhHVdUiyXq5HE33gU8563,Trial,5,6,7,8,10
xHPVuVpbvRXfAvtAnlfmkdGOXpe,Trial,5,6,7,8,10
oiqFsViNLIdod3M2Jkxxv_ESIH,Trial,5,6,7,8,10
EP14QA72oTznSvnjtoSiaK7PAh1,Trial,5,6,7,8,10
C6jFkzH2DGZFeV44qvRQOKC2Sm7,Trial,5,6,7,8,10
rkjfdI1Ky717lYluA6kYoAmtP2i,Trial,5,6,7,8,10
S8Qz3iZvEwbtObKKdKWKJ3wAvl0,Trial,5,6,7,8,10
ncQZCg8d5I58GA905dZ99PVFE6e,Trial,5,6,7,8,10
osgENzbtcEFRumU7KOIxNgaHKF0,Trial,5,6,7,8,10
lu4YJNcO_EVOIT3shqE3l4a2q43,Trial,5,6,7,8,10
W1wM5TSGBNR5rzs5vAXA71kOAQ6,Trial,5,6,7,8,10
K7Rdf34sg8mcQSK6CMPqsm_ZJmm,Trial,5,6,7,8,10
bZHaYmk7u2u6QUguv9o45ErEk96,Trial,5,6,7,8,10
060FLMn5d2YCn50oOt_aj5SOLh8,Trial,10,15,20,25,30
_wI2zXeK_IedCAMAAuWev3gYIUh,Trial,10,15,20,25,30
4uV3bSyzaWpz9WwDMoHPDFpXJ09,Trial,10,15,20,25,30
fQ8A1056ons3OuE77nz7h83lcjd,Trial,10,15,20,25,30
pJTxB1U6EWn7QR4qnL0B0m4cXzl,Trial,50,60,70,80,100
SHTIEb92VOSRv0uasFfG1zAFgw9,Trial,50,60,70,80,100
55swQ8IfqZCkloLBFnMDQjOGRii,Trial,50,60,70,80,100
zFUHqhTlnSraBUjTwkzKOwMJsu2,Trial,50,60,70,80,100
mXUerk44WAh_MWU7WcHozD_FYC5,Trial,50,60,70,80,100
wJu1NmorcN3e4JEiU0uiaH3PJth,Trial,50,60,70,80,100
ZjlhMjRjYjQtMjY4My00Y2RlLWE,Kacky,5,5,5,5,5
YzQ2MzBlY2QtMDE3MS00ZTNlLTh,Kacky,5,5,5,5,5
ZTgxZmMzZmItYWNlMC00ZTMzLWF,Kacky,5,5,5,5,5
Y2NjZjUwNmMtYjIwYS00MTMyLTk,Kacky,5,5,5,5,5
MzJiMGRlNjItMTYyZi00NzljLWJ,Kacky,5,5,5,5,5
OGY2NjMxZmItOTQ2OC00Yzg0LTh,Kacky,5,5,5,5,5
YTZiYTljZTAtMGU2Ny00ZTMyLWE,Kacky,5,5,5,5,5
N2I2MGM3ODctZGJmZi00OGMyLWI,Kacky,5,5,5,5,5
NjI0ODFiMTUtY2IxMi00ZTUyLWJ,Kacky,5,5,5,5,5
ZjI4ZmZiYTMtMWI2YS00MTMxLWI,Kacky,5,5,5,5,5
NDYyZmMzODEtNDkzMC00NWU0LTk,Kacky,5,5,5,5,5
ZDI2YzdjYjUtNDFlNi00NTExLWI,Kacky,5,5,5,5,5
NjZiZDM2Y2QtZWU2NS00OTY4LWE,Kacky,5,5,5,5,5
YzliYjY5NjItZjRiZi00YzkyLWJ,Kacky,5,5,5,5,5
ZTNmMzA0N2UtYTczMy00ZjgyLWJ,Kacky,5,5,5,5,5
NTU3ZGRlMzEtYzNiOC00YzJmLTk,Kacky,5,5,5,5,5
NGZmNDFhZjMtNWVkNi00MWNjLWJ,Kacky,5,5,5,5,5
MGQ2YjQ4MmUtZTc3OC00NmJjLWF,Kacky,5,5,5,5,5
Y2M5NTBkNTktOThmNi00YWQ2LWI,Kacky,5,5,5,5,5
ZDJhNGYyZDMtZDViOC00ZmNhLWE,Kacky,5,5,5,5,5
YzRhMTk5ZGMtYWM4ZS00NzZkLTh,Kacky,5,5,5,5,5
NzY3ZDE4NTctMWIyOC00YmI0LWI,Kacky,5,5,5,5,5
ZTFmMTE1YWUtMWUwZS00NTkzLTk,Kacky,5,5,5,5,5
NjZkZjI0MmItNzI4MS00MDdkLTg,Kacky,5,5,5,5,5
ZjlhMjRjYjQtMjY4My00Y2RlLWE,Kacky,5,5,5,5,5
NDY0Y2IxODgtOTcxOC00NzZmLTh,Kacky,5,5,5,5,5
gEUWLtffDqYoLvEexCF_T0wBQqk,Kacky,5,5,5,5,5
N2EwZGZjYzgtZGExNy00ODE2LTk,Kacky,5,5,5,5,5
MjY3M2ZlNDItMDhkNy00ODY0LTg,Kacky,5,5,5,5,5
ZmYzYzAwNjAtZTQxMi00NDg4LWF,Kacky,5,5,5,5,5
MmNjMzM1MzYtYmNlMS00ODQ3LWE,Kacky,5,5,5,5,5
OTYwYTUxNjctMTIwNS00NDJkLWE,Kacky,5,5,5,5,5
YjVmMmEzYTctNDUxOC00ZTg1LTk,Kacky,5,5,5,5,5
YzU1YTUwM2ItZjhmNC00NzE4LWI,Kacky,5,5,5,5,5
ODFjZGUwZTItNTA1Mi00OWIwLTk,Kacky,5,5,5,5,5
NmY2NDRmZjAtMDJhOS00MjgyLWF,Kacky,5,5,5,5,5
NTVkNTc3NDUtNTc0OC00ODJmLTk,Kacky,5,5,5,5,5
MDE4Y2QyM2MtM2JhOS00MWZkLWE,Kacky,5,5,5,5,5
MmNjNzcxMGYtZDhjNi00YjIwLTl,Kacky,5,5,5,5,5
ZTJiZjgwOWQtMWExOS00ZWU4LWI,Kacky,5,5,5,5,5
v2dE1yrUYCLZyxALO88J34lteE0,Kacky,5,5,5,5,5
ZjMyYzhlZTUtMGEwMy00MTZmLTl,Kacky,5,5,5,5,5
MWI4MjBhYmQtZTNhNC00ZmUzLWI,Kacky,5,5,5,5,5
YjNlM2IxMTgtNmE5MS00NjYyLTl,Kacky,5,5,5,5,5
MjljZjE1YjEtOTcxYy00ZDRhLTg,Kacky,5,5,5,5,5
ZDJlOTIwY2UtNjA5NC00YmYyLWF,Kacky,5,5,5,5,5
YzA4ZmQzNzYtODI0Zi00MTVkLTg,Kacky,5,5,5,5,5
OWY0ZTJiNDAtNWQ0OC00NWUzLTg,Kacky,5,5,5,5,5
ZjYzNDBhN2UtYTQzYS00YmZiLTh,Kacky,5,5,5,5,5
ODg2N2RiMWUtODYxZi00NjZiLTh,Kacky,5,5,5,5,5
MGY2NTQ0MDUtZWYxMi00Nzc2LTl,Kacky,5,5,5,5,5
NmZiNmJjOTQtYWQ4ZC00NTk1LWJ,Kacky,5,5,5,5,5
AbA_4uiOTxfIIt_8JYRgNDbFrzg,Kacky,5,5,5,5,5
NzYxMjMxNGUtNWI2My00MGFkLWJ,Kacky,5,5,5,5,5
YWU3ZmFiZTMtMTJmOC00NDZiLTk,Kacky,5,5,5,5,5
YWNjZTE4Y2QtMzgzZC00OTBhLTg,Kacky,5,5,5,5,5
ZjEzYjJlMTctY2Y0Mi00YjJjLWF,Kacky,5,5,5,5,5
ZDQ3YjJjMzMtYmM2YS00MTg4LTk,Kacky,5,5,5,5,5
NWFiNzVkYzItYjU4Yi00MTk3LTh,Kacky,5,5,5,5,5
ZGViNThkZmYtYTE1Yy00YzI4LTg,Kacky,5,5,5,5,5
ZGYyY2M3YWUtZWEzOS00MjhlLTg,Kacky,5,5,5,5,5
MDZkZDJmMzktMDIzMi00Y2EwLWE,Kacky,5,5,5,5,5
NTNkYTdkMjctN2ZkZS00MzMwLWI,Kacky,5,5,5,5,5
ZTM5M2Y5YWItOTc1Mi00YjQwLTg,Kacky,5,5,5,5,5
NGIxZTRiZWItY2MyMS00YjYzLWE,Kacky,5,5,5,5,5
ZjFmOTZiYWQtMGZmNS00M2VkLWE,Kacky,5,5,5,5,5
Njc3ZDBiZmEtZTBhMS00YmQ1LTh,Kacky,5,5,5,5,5
MWNiYWVmM2EtMGQwMC00NTBkLWI,Kacky,5,5,5,5,5
YjQ0ODYyMWYtZjNiNy00MGI5LWJ,Kacky,5,5,5,5,5
YmEwM2ZlN2YtMWZmYS00ZDYyLWI,Kacky,5,5,5,5,5
NmZiYzFhZTYtMWYyMi00OTY3LWE,Kacky,5,5,5,5,5
OGYzN2VjOWEtNDdlZC00MjQ3LTk,Kacky,5,5,5,5,5
rJSRRqVXAkrR17glY60vqwsO8Td,Kacky,5,5,5,5,5
ZWE5YjNjYzctYTcwNS00ZDY3LTh,Kacky,5,5,5,5,5
ODQ2Yjc3YzEtMGNkYi00YzY0LWE,Kacky,5,5,5,5,5
NjcyZjJlZmMtMDhjNS00NTJmLWF,Kacky,5,5,5,5,5
2bN4eKC9GSCHW_OVhEAkWgxeLOi,Kacky,5,5,5,5,5
wjo973bQxbaqONwQorChNyVVc97,Kacky,5,5,5,5,5
wjHvw5gUhtq9nYY4V7Rtp_qD3yf,Kacky,5,5,5,5,5
ZKcTrRYDrIsO6eKUm8k3tID7Vge,Kacky,5,5,5,5,5
ZqZb_qSOsUwpzblIinD1jmHEuy6,Kacky,5,5,5,5,5
thbjIrTr62Cnd1YqR4nABVuR9ec,Kacky,5,5,5,5,5
fgiMZmzLpnphS6A4tBd8828VUW3,Kacky,5,5,5,5,5
0PlxcCVuVIO7IxLQlRL36XpMFek,Kacky,5,5,5,5,5
HGKq6O2CJeaeGomJuwRgI4BjKEm,Kacky,5,5,5,5,5
BMWE8nGL9v6ho1B9nmYt6ijf7p8,Kacky,5,5,5,5,5
XC_ZCvTjdg1oKFHHCyBWQDx3rA2,Kacky,5,5,5,5,5
D_TtBFb8wZjxtYBQM3i5GYL40V5,Kacky,5,5,5,5,5
GHQvyCHprnO_G_bvdzqd7j11dyi,Kacky,5,5,5,5,5
HTZBWaP7UT5i54lT6YRGFcyEg67,Kacky,5,5,5,5,5
w79U4JsMB_gPHVaZmqWLAtvaYl7,Kacky,5,5,5,5,5
CVHEMvKHc0IE5vRrEYJj8fxCCJ1,Kacky,5,5,5,5,5
u4MRaVfdUtnixudf_TNrwOYh9Ue,Kacky,5,5,5,5,5
ci5OGKMXCjiRXi5Xw_irRUS8oL1,Kacky,5,5,5,5,5
CLkeuHuAoQvF17mcAJD2UN2hXk8,Kacky,5,5,5,5,5
L1DcO43NLibY5VOY6PEZ5x5D27h,Kacky,5,5,5,5,5
brgNeJXFGF1cCDtgBBv8yid2W5b,Kacky,5,5,5,5,5
LARaYSdiYhtJriCz3SwIPaf6xUa,Kacky,5,5,5,5,5
HD71Vvadzfv4AbJ_q8z0ZCRFIq0,Kacky,5,5,5,5,5
xI5EN2vK86qweSUY965uI0GJ5wc,Kacky,5,5,5,5,5
Fbj1K9BjAE0fN8fFBlLThd7sgQ1,Kacky,5,5,5,5,5
G0o2NhFynJ1y_nORtIOueLOIGWf,Kacky,5,5,5,5,5
fln3NG4EjExjXBvhsaRU15Q_Fy3,Kacky,5,5,5,5,5
Wh4OoSTu2SHxM_uGtGOGuxf4Rxg,Kacky,5,5,5,5,5
Y3OgUZrJc1sHhGqm2pDANtal7B,Kacky,5,5,5,5,5
qnUZ4DrpB3lewgK3cmD8MlFe4Vc,Kacky,5,5,5,5,5
RPWW6LdO0qi8mnY2uvCikyDXHG4,Kacky,5,5,5,5,5
hQWOwAZA0U_csfH3dHoncjNtnm2,Kacky,5,5,5,5,5
0C3BQdRXwW_scoNejIq1erwNCXm,Kacky,5,5,5,5,5
V2OOaK8JVBSpWDMpPt3s8ErwANl,Kacky,5,5,5,5,5
eLdqtywyxeJkstND9X3TieHyVd9,Kacky,5,5,5,5,5
O62JWUaFlmyaRA1oV_GvH4_QDQ6,Kacky,5,5,5,5,5
8GlZGIWG_gbfmooWqTaLbzvuF2f,Kacky,5,5,5,5,5
ClplvzaISth622urhNwOCdCBGvm,Kacky,5,5,5,5,5
HEicvahx890lo42l9V7960zk5d,Kacky,5,5,5,5,5
d8tlmzyQtYElKjPKH2DxSEmW_M,Kacky,5,5,5,5,5
L7901McG3csgMhkEvDBfMEYV2j0,Kacky,5,5,5,5,5
lIfbqV4rbXCamNNWNjeGso6zLvl,Kacky,5,5,5,5,5
fEVJuU8YbhLcIoCvSMcfl5WFuoa,Kacky,5,5,5,5,5
3f4TYLOcXCBxpXYlol3L9f8Y1Y8,Kacky,5,5,5,5,5
SDStHMO48cAin851tjcQoVu3zS1,Kacky,5,5,5,5,5
In4f1e1qQXWP1c3XoH2FKBVNmSg,Kacky,5,5,5,5,5
BQ1VJnz672p8B_15QFNacBruDGd,Kacky,5,5,5,5,5
WX4CKJmDZUcfzCVRdizmagB5Ke5,Kacky,5,5,5,5,5
V6voZ4EV6kiu4S8GxFkD8BzUaSi,Kacky,5,5,5,5,5
einnv6J3cSKRg6vRvj0E13cXCnd,Kacky,5,5,5,5,5
0J8M4G8dcWgkIFdhcX8vWY59KZ9,Kacky,5,5,5,5,5
covlY6piS1xf48p7CbMbX_qMCuc,Kacky,5,5,5,5,5
2QC0YYFDmc1GRxdqzGdsP_BgEGb,Kacky,5,5,5,5,5
Ru0N9DOJQGBCzIZmV_PgmIo3ekc,Kacky,5,5,5,5,5
KqlBUONESx19u1_DjBG7So47qRe,Kacky,5,5,5,5,5
bsAOtGN4RYeBadjyVAZ1mR5TUX7,Kacky,5,5,5,5,5
c7BMFsJzeLrEt7ngeSazQTf_4e0,Kacky,5,5,5,5,5
Xoyki4U9LypVKoxBovg3lmlJLQd,Kacky,5,5,5,5,5
Vb7qhxRLO3GkQPvx_GeSc_Jxfz1,Kacky,5,5,5,5,5
91Xk2vkXW0zj9ceVv9I_yPwT8L4,Kacky,5,5,5,5,5
o4mMcOJ1tnIFeMsHWtm4TQ9Qw6d,Kacky,5,5,5,5,5
x3xlZUB4o00AcQC0Qo961qfl4Im,Kacky,5,5,5,5,5
9i0inxhOKSsruNe6LeZJn8u7uj9,Kacky,5,5,5,5,5
7hxj_yTX9rNGgNM7pK5OOuj5lSe,Kacky,5,5,5,5,5
26ieNnHxlG4nM7pNEXJgcWmttYl,Kacky,5,5,5,5,5
e3DyeE7ToXZpi8eByDZmwePt2zk,Kacky,5,5,5,5,5
yIYYkBomq3WEDwffU8Nr4BJhgM7,Kacky,5,5,5,5,5
kmIVFSR4gyg0ecH0U3BMo1KOku8,Kacky,5,5,5,5,5
coB5qVttUssYPLnGT61e_slAgg4,Kacky,5,5,5,5,5
2HRtQAJ91HyYmp6BeNjo1OC5Yrf,Kacky,5,5,5,5,5
e1FSUJRB63Q8u7u4DMz1FJJuGyj,Kacky,5,5,5,5,5
bwn9OmkcaSOUS0cNtUMcFZpQkBh,Kacky,5,5,5,5,5
rwOnMno72tvuzi1zUZkx_RDD1J6,Kacky,5,5,5,5,5
oGgEnb4ZCGSZBy1f4APAR04iTFc,Kacky,5,5,5,5,5
nVnYn2zssXqljX6BCRjh_5pGlZd,Kacky,5,5,5,5,5
TfficVSZ09qDZrWbgL22Z_seOh0,Kacky,5,5,5,5,5
PD70uHpLr7oq9lWoheRVxugESy4,Kacky,5,5,5,5,5
L4IG7goA9SnEWmWVpviehOND8c1,Kacky,5,5,5,5,5
SlTrbRjf6OyiGLVna83fTrwnFPa,Kacky,5,5,5,5,5
A6HvK7eujry_OKes7zfY8CS7pm,Kacky,5,5,5,5,5
ANo1YRQIWfyMkWQysoakzEACezc,Kacky,5,5,5,5,5
JZXseOyR5Gg7K_zlF_JRKeZZo0l,Kacky,5,5,5,5,5
Rr5VQgEjlBZ4nXpUkG73t2sr62a,Kacky,5,5,5,5,5
SJ7En2O3oPVn5lX32ZVkQbBKz_l,Kacky,5,5,5,5,5
i2cz0BReUmjv_wGuodzIx3M20t1,Kacky,5,5,5,5,5
V7fpOwkjwMRREFqvoZjK2kE7fmg,Kacky,5,5,5,5,5
Z9nKTK6Cg3AUGMwqGQ86Lxw_wO7,Kacky,5,5,5,5,5
87HjG2h4c6ttsH7f4dcIRIZBBpe,Kacky,5,5,5,5,5
cVWRzovKzxcJ3piEUce5LV6m3Vj,Kacky,5,5,5,5,5
3Hhi3BUekoj4734Mrcim0mDdsU4,Kacky,5,5,5,5,5
nnAcZ9X0bKP3xcGRfPRTlRyFgA2,Kacky,5,5,5,5,5
G93hGjyGpHnZOoF_vgS5xHq53Pi,Kacky,5,5,5,5,5
ju_gGo9aCPPQi92Eo7RIMxoDNlc,Kacky,5,5,5,5,5
XrtIFRA0H0DSn8C1C51kkthkfD,Kacky,5,5,5,5,5
ZfzXEKcF6LfeOiwQJV45ZhJ3cJj,Kacky,5,5,5,5,5
zXyfHMlxpXTFk_xlz8DdYk8ZB85,Kacky,5,5,5,5,5
1Rt45E5cOfMHyBIMv9EOk0y_5Xh,Kacky,5,5,5,5,5
tlBxqytS6YUBWOmQdGzoaolrYo1,Kacky,5,5,5,5,5
JVj5YahWVlVEHaCoLszIlYQdLC7,Kacky,5,5,5,5,5
A7xraNdrM4LRRYH_6CKAH5mgtZ8,Kacky,5,5,5,5,5
Domjoxwcq5J4dHitQqf7Ll7vMll,Kacky,5,5,5,5,5
0eM7A2en33B33mvSbGn5p4fUmE2,Kacky,5,5,5,5,5
wr51AFAwVUgJnigNRyO78jE9Vr9,Kacky,5,5,5,5,5
m1OjIWueLhqbSyjVBIdDLuJgXOa,Kacky,5,5,5,5,5
iuPzsZKJ_2OliZRAp1jJdYLqsie,Kacky,5,5,5,5,5
KZX_QXmAMaaqhocAib1EkkEw6Em,Kacky,5,5,5,5,5
YftVxRQJvBvalqWFenVY0dNHSU5,Kacky,5,5,5,5,5
4SSrjTUhx1LQdkOqHx0pqQylUHh,Kacky,5,5,5,5,5
r9fdgxWeKKN94y56RELQNyslcf9,Kacky,5,5,5,5,5
HIMg5J8Ih2w5w5H2ruTi60pNTlc,Kacky,5,5,5,5,5
88eOqwqOsDy3wFkVpJIxZg2Rp2c,Kacky,5,5,5,5,5
BhK_P3SIgwyO8VrHvDmMJc44LF5,Kacky,5,5,5,5,5
ipZazo05eoMNRTnKTyfbHxRo3R1,Kacky,5,5,5,5,5
GuunT7jreMuUZjV6RKKFbY8wgt1,Kacky,5,5,5,5,5
KKsYDPSxByS_qRLKu9eaatYVZz0,Kacky,5,5,5,5,5
KfEdxHup_fm5FYNOSJvGcNep_j1,Kacky,5,5,5,5,5
omjUvxv7cRpC8eDran4N4UVi0ri,Kacky,5,5,5,5,5
vSxbV4vnnxLM6TBnfknMQKw3b66,Kacky,5,5,5,5,5
rSJl2mC0Xbvr35rhdR7mwRwgY5b,Kacky,5,5,5,5,5
io9ZTuNGfkMa5obYUg01psxM_Yj,Kacky,5,5,5,5,5
FirnPEkKGGQPd23wrZYrClJm1Q2,Kacky,5,5,5,5,5
QwyEJ3wpywkVZfbJSj4c3Nrn7Mb,Kacky,5,5,5,5,5
i5MFCtI3tAHEqdKhVvMBiVeEtg,Kacky,5,5,5,5,5
UNhUdvNjgq3JPo6Y8U3jCuc3qN3,Kacky,5,5,5,5,5
qKYfpZqUaUfUP9ElripfSyikQR3,Kacky,5,5,5,5,5
WJNvHJA6oGJHPAIXncyLLJMhwy6,Kacky,5,5,5,5,5
gBfeAxsQdsZVEGpV8UZOx3PccF3,Kacky,5,5,5,5,5
zdYlBU7Qop7Fk2XWeQjNHKLmxJm,Kacky,5,5,5,5,5
tlh04D71pCGzsqYkeUWmcItJALh,Kacky,5,5,5,5,5
PRbAD4oYwysSNAgvgnPakSd4nj4,Kacky,5,5,5,5,5
vhByCoz1UpGFn1BcXacpL5AlrLe,Kacky,5,5,5,5,5
JY1fxkr0BnXIQRf05KGho1wPEge,Kacky,5,5,5,5,5
k4HJsVEKTMlga1es75AygbpSzR5,Kacky,5,5,5,5,5
REeUYxNqMnGpwfPEoosSTVmf5J3,Kacky,5,5,5,5,5
kem5_QQhdNfz8ofo0YcSrPxA6y4,Kacky,5,5,5,5,5
vaoeU5uNYFTBrblW2jAxbyfrJfi,Kacky,5,5,5,5,5
Xnqb6nUoiVamB1jtw8PJEiHcoT1,Kacky,5,5,5,5,5
jwE5w6DYU9l4kZBheEO9aVsDWSk,Kacky,5,5,5,5,5
S14QAehUiIOUF2ynUASjsGwFkkh,Kacky,5,5,5,5,5
nSiatu0wzb7SPUFqoXIgLHSs4zg,Kacky,5,5,5,5,5
vVdGAIYBJ1o2suBPC_mREAaxiI1,Kacky,5,5,5,5,5
TwOkzdrz51zQJswiP3JXZy2AMi9,Kacky,5,5,5,5,5
jOyCEC4RBR95ca7W96kypuNVlzf,Kacky,5,5,5,5,5
avonK4uCy6olZaSeIsu_zElt8Fg,Kacky,5,5,5,5,5
tcCoGFCFDqqLkaiJu7MtLT2zdH5,Kacky,5,5,5,5,5
QIrMmYManHys4c5kUA45aa0ef30,Kacky,5,5,5,5,5
Gie_mAhEii6mhUK66XZUX7UhPK6,Kacky,5,5,5,5,5
aOtnB7Bb9LyblNjsw1VoRcRCPFf,Kacky,5,5,5,5,5
MrdQumRqsvbR458vi4s98Y9vCU6,Kacky,5,5,5,5,5
BovgT2hDjrnCOghIvU2HQiJyhn5,Kacky,5,5,5,5,5
0R0DpTcglRxkoQt2BIW5cAfOxLd,Kacky,5,5,5,5,5
UFfrd2z9isA62t8sJkXDQS5fDj9,Kacky,5,5,5,5,5
utsUTLxkb1_AlqFb57zH9lnK3Wg,Kacky,5,5,5,5,5
BLNvrxxNrMLOZ4HxKANmHIkDtw6,Kacky,5,5,5,5,5
cxY1KcnsRelsrYaP26n8RkJtokm,Kacky,5,5,5,5,5
Q_xA6sXKPSA3xKxahGkCpbaIKwg,Kacky,5,5,5,5,5
RqCCZJlqd1xahcrnts9k2z2Obx3,Kacky,5,5,5,5,5
FQbllQv_vCjTDmZI3fzDkCerE55,Kacky,5,5,5,5,5
LbXApk2fP7kILn4fJmNgIDSdJd3,Kacky,5,5,5,5,5
ZHHEPt_rC8TfoxL6V4nhkyqiyz0,Kacky,5,5,5,5,5
L2V0Aa8CEvPhQWOU20RpaoIQWPj,Kacky,5,5,5,5,5
OtjCuCsHSb8l6nK5ZXUvdrwK9ua,Kacky,5,5,5,5,5
ZWoxW0AFrDsdYT6GST675C3b4p4,Kacky,5,5,5,5,5
Zt_mOXIDcw2GF3MhWsVqYYn_Jyb,Kacky,5,5,5,5,5
5yCwUXdLQF0WqYs3e9EAoldK268,Kacky,5,5,5,5,5
nWxsD8A_KwjZqDLdegat7geO5Md,Kacky,5,5,5,5,5
nT_04tt5X3iy1wYN7wkVmonrbm8,Kacky,5,5,5,5,5
cTTPElkEjDYycuABvwTvBOpY3ij,Kacky,5,5,5,5,5
L49_bGu4MCEvw19SYLdWNvaKBn6,Kacky,5,5,5,5,5
5YCprXpNWxe83DKYdqhQi_LIRh0,Kacky,5,5,5,5,5
7TOzoR0eNa_WIVCIccYoN6SEVD5,Kacky,5,5,5,5,5
GwUqpXKJbPYrGBfhBThslbh3AO9,Kacky,5,5,5,5,5
rTU6w7cBAJpqos_XtvzbW5f0uxf,Kacky,5,5,5,5,5
xF7OuhFlkmgtJpcvlXuMbWZur9a,Kacky,5,5,5,5,5
iivlSUvIhzvnwHoyB09HgazNib0,Kacky,5,5,5,5,5
GPh3xPfKCbSCXlvtI4jNSWllouk,Kacky,5,5,5,5,5
fztasu0vtGNVUZZIByXIz95fmn3,Kacky,5,5,5,5,5
Uj3XhcJFZ9YtdBj_L_zLDR5hx03,Kacky,5,5,5,5,5
XAkvwzR3HYXtE5SJCVLXSlZwss9,Kacky,5,5,5,5,5
QnLxVp5NSSB4fGWBmpQHPN_62b5,Kacky,5,5,5,5,5
hWZw6hbZY_0hsvUQTU8V90gOBb,Kacky,5,5,5,5,5
Gwv4t7hs4lWvpzXShOePfYq4vnd,Kacky,5,5,5,5,5
ZhbIvpVG_idz0gyINgXRPxef5p2,Kacky,5,5,5,5,5
v3yIwMXMvRgYZImobWMJUxZyeq2,Kacky,5,5,5,5,5
vudm_R6zDP2i0arFB0Qt6L8_gn2,Kacky,5,5,5,5,5
Jx24tqchHUXiI122sHu7zg_btha,Kacky,5,5,5,5,5
gSOEIdOFweYWZAPfIY4UCIAWCt,Kacky,5,5,5,5,5
L9tsqa7ZbGra5eEF6TcE7FUO4m3,Kacky,5,5,5,5,5
2A6lFDktABeVub5WFnBbJs2Cie2,Kacky,5,5,5,5,5
gJdKsAhtQN02AQgqrykk81II24g,Kacky,5,5,5,5,5
xpbKkpP_tRrcyr9If1SHMN71Yza,Kacky,5,5,5,5,5
Tx8ke7Nxlpf1YL2EyDT3iApIW_g,Kacky,5,5,5,5,5
AShEGajO16Liy4H2gNwRYUkTHXl,Kacky,5,5,5,5,5
jpZQfiLxTX4uMacyKDmj3_JARt7,Kacky,5,5,5,5,5
dCfBLf1cqLEM4lXYfyc3aAYb_mg,Kacky,5,5,5,5,5
3yWtCuuCJQ5ySKcIGZyhGr2v5W,Kacky,5,5,5,5,5
9P5X2d9GU08fqdb1P4blfkixMja,Kacky,5,5,5,5,5
OjzVUeejyu0DwxRFJ4NvVeSgyMa,Kacky,5,5,5,5,5
q_m4u79GuXIAferAEhYWMwoDAGk,Kacky,5,5,5,5,5
SIfyjZLc7boh3FyMAIu35AU6k79,Kacky,5,5,5,5,5
bH_hnGfR3sSHLoFKRiPnj1qXrDe,Kacky,5,5,5,5,5
hTHnDjEZZenCC5EFMPTVObO1xhl,Kacky,5,5,5,5,5
61QDHhejFAP4K0mMTpuKp3GTI39,Kacky,5,5,5,5,5
JvdhgQR7vEnqe5ZsvPiKFYgTXpi,Kacky,5,5,5,5,5
nPywOTtHK70zZH_Bm_idCOPN3Xc,Kacky,5,5,5,5,5
vrdo68wrpxf12R_yJH23RkNmUZ4,Kacky,5,5,5,5,5
8BUH8_qYupu83ZAbhJBYMUqsjH4,Kacky,5,5,5,5,5
_Fgua5PIu2fhXaJ8g_6M6DA2F8g,Kacky,5,5,5,5,5
_ZeHuuRCxTE0x9XjTzdvpCbPU86,Kacky,5,5,5,5,5
4LUBJZhY__AnjbzeOUkLcCBs0Rh,Kacky,5,5,5,5,5
aNa1rNxHGMRAEBY2XbqWt49tTnd,Kacky,5,5,5,5,5
lSq0S1E6pEIN8wtI5i7sCYwumJj,Kacky,5,5,5,5,5
0HNWtc9QKdDYbmpf38KDWT996v2,Kacky,5,5,5,5,5
8tenGU_MlMPVgZ52HFhzR_fnaZ0,Kacky,5,5,5,5,5
wVVt5j6wJfennvIVvVOI4fN9Up9,Kacky,5,5,5,5,5
eW_lRpqVZQzUnsApY58jwQjocw3,Kacky,5,5,5,5,5
cx0OKY5pbEhiJIrhouH4RVvP8uc,Kacky,5,5,5,5,5
WHUAPY0H6T1fAoObxSLnGijceOm,Kacky,5,5,5,5,5
6iFnq3AcKG2KOj2UAWsKCB250I2,Kacky,5,5,5,5,5
F8Kc0pgtl0VwQ1PGKQMvMxfxR9j,Kacky,5,5,5,5,5
IzNUJuxGoeQ6QVARMKrPMF7mVYl,Kacky,5,5,5,5,5
GhFx2tswTIqZ1VFhvqWJHqtwi0n,Kacky,5,5,5,5,5
eSSxO67wsgoT2Z_yhm0r7EoQKS2,Kacky,5,5,5,5,5
YAA430rQyfT_UASkELn5klcEQkk,Kacky,5,5,5,5,5
pPMBGATxfkMmBBjV9iu6iAQIs_8,Kacky,5,5,5,5,5
0J8M4G8dcWgkIFdhcX8vWY59KZ9,Kacky,5,5,5,5,5
covlY6piS1xf48p7CbMbX_qMCuc,Kacky,5,5,5,5,5
2QC0YYFDmc1GRxdqzGdsP_BgEGb,Kacky,5,5,5,5,5
Ru0N9DOJQGBCzIZmV_PgmIo3ekc,Kacky,5,5,5,5,5
KqlBUONESx19u1_DjBG7So47qRe,Kacky,5,5,5,5,5
bsAOtGN4RYeBadjyVAZ1mR5TUX7,Kacky,5,5,5,5,5
c7BMFsJzeLrEt7ngeSazQTf_4e0,Kacky,5,5,5,5,5
Xoyki4U9LypVKoxBovg3lmlJLQd,Kacky,5,5,5,5,5
Vb7qhxRLO3GkQPvx_GeSc_Jxfz1,Kacky,5,5,5,5,5
91Xk2vkXW0zj9ceVv9I_yPwT8L4,Kacky,5,5,5,5,5
o4mMcOJ1tnIFeMsHWtm4TQ9Qw6d,Kacky,5,5,5,5,5
x3xlZUB4o00AcQC0Qo961qfl4Im,Kacky,5,5,5,5,5
9i0inxhOKSsruNe6LeZJn8u7uj9,Kacky,5,5,5,5,5
7hxj_yTX9rNGgNM7pK5OOuj5lSe,Kacky,5,5,5,5,5
26ieNnHxlG4nM7pNEXJgcWmttYl,Kacky,5,5,5,5,5
e3DyeE7ToXZpi8eByDZmwePt2zk,Kacky,5,5,5,5,5
yIYYkBomq3WEDwffU8Nr4BJhgM7,Kacky,5,5,5,5,5
kmIVFSR4gyg0ecH0U3BMo1KOku8,Kacky,5,5,5,5,5
coB5qVttUssYPLnGT61e_slAgg4,Kacky,5,5,5,5,5
2HRtQAJ91HyYmp6BeNjo1OC5Yrf,Kacky,5,5,5,5,5
e1FSUJRB63Q8u7u4DMz1FJJuGyj,Kacky,5,5,5,5,5
bwn9OmkcaSOUS0cNtUMcFZpQkBh,Kacky,5,5,5,5,5
rwOnMno72tvuzi1zUZkx_RDD1J6,Kacky,5,5,5,5,5
oGgEnb4ZCGSZBy1f4APAR04iTFc,Kacky,5,5,5,5,5
nVnYn2zssXqljX6BCRjh_5pGlZd,Kacky,5,5,5,5,5
G0o2NhFynJ1y_nORtIOueLOIGWf,Kacky,5,5,5,5,5
fln3NG4EjExjXBvhsaRU15Q_Fy3,Kacky,5,5,5,5,5
Wh4OoSTu2SHxM_uGtGOGuxf4Rxg,Kacky,5,5,5,5,5
Y3OgUZrJc1sHhGqm2pDANtal7B,Kacky,5,5,5,5,5
qnUZ4DrpB3lewgK3cmD8MlFe4Vc,Kacky,5,5,5,5,5
RPWW6LdO0qi8mnY2uvCikyDXHG4,Kacky,5,5,5,5,5
hQWOwAZA0U_csfH3dHoncjNtnm2,Kacky,5,5,5,5,5
0C3BQdRXwW_scoNejIq1erwNCXm,Kacky,5,5,5,5,5
V2OOaK8JVBSpWDMpPt3s8ErwANl,Kacky,5,5,5,5,5
eLdqtywyxeJkstND9X3TieHyVd9,Kacky,5,5,5,5,5
O62JWUaFlmyaRA1oV_GvH4_QDQ6,Kacky,5,5,5,5,5
8GlZGIWG_gbfmooWqTaLbzvuF2f,Kacky,5,5,5,5,5
ClplvzaISth622urhNwOCdCBGvm,Kacky,5,5,5,5,5
HEicvahx890lo42l9V7960zk5d,Kacky,5,5,5,5,5
d8tlmzyQtYElKjPKH2DxSEmW_M,Kacky,5,5,5,5,5
L7901McG3csgMhkEvDBfMEYV2j0,Kacky,5,5,5,5,5
lIfbqV4rbXCamNNWNjeGso6zLvl,Kacky,5,5,5,5,5
fEVJuU8YbhLcIoCvSMcfl5WFuoa,Kacky,5,5,5,5,5
3f4TYLOcXCBxpXYlol3L9f8Y1Y8,Kacky,5,5,5,5,5
SDStHMO48cAin851tjcQoVu3zS1,Kacky,5,5,5,5,5
In4f1e1qQXWP1c3XoH2FKBVNmSg,Kacky,5,5,5,5,5
BQ1VJnz672p8B_15QFNacBruDGd,Kacky,5,5,5,5,5
WX4CKJmDZUcfzCVRdizmagB5Ke5,Kacky,5,5,5,5,5
V6voZ4EV6kiu4S8GxFkD8BzUaSi,Kacky,5,5,5,5,5
einnv6J3cSKRg6vRvj0E13cXCnd,Kacky,5,5,5,5,5
Fbj1K9BjAE0fN8fFBlLThd7sgQ1,Kacky,5,5,5,5,5
2bN4eKC9GSCHW_OVhEAkWgxeLOi,Kacky,5,5,5,5,5
wjo973bQxbaqONwQorChNyVVc97,Kacky,5,5,5,5,5
wjHvw5gUhtq9nYY4V7Rtp_qD3yf,Kacky,5,5,5,5,5
ZKcTrRYDrIsO6eKUm8k3tID7Vge,Kacky,5,5,5,5,5
ZqZb_qSOsUwpzblIinD1jmHEuy6,Kacky,5,5,5,5,5
thbjIrTr62Cnd1YqR4nABVuR9ec,Kacky,5,5,5,5,5
fgiMZmzLpnphS6A4tBd8828VUW3,Kacky,5,5,5,5,5
0PlxcCVuVIO7IxLQlRL36XpMFek,Kacky,5,5,5,5,5
HGKq6O2CJeaeGomJuwRgI4BjKEm,Kacky,5,5,5,5,5
BMWE8nGL9v6ho1B9nmYt6ijf7p8,Kacky,5,5,5,5,5
XC_ZCvTjdg1oKFHHCyBWQDx3rA2,Kacky,5,5,5,5,5
D_TtBFb8wZjxtYBQM3i5GYL40V5,Kacky,5,5,5,5,5
GHQvyCHprnO_G_bvdzqd7j11dyi,Kacky,5,5,5,5,5
HTZBWaP7UT5i54lT6YRGFcyEg67,Kacky,5,5,5,5,5
w79U4JsMB_gPHVaZmqWLAtvaYl7,Kacky,5,5,5,5,5
CVHEMvKHc0IE5vRrEYJj8fxCCJ1,Kacky,5,5,5,5,5
u4MRaVfdUtnixudf_TNrwOYh9Ue,Kacky,5,5,5,5,5
ci5OGKMXCjiRXi5Xw_irRUS8oL1,Kacky,5,5,5,5,5
CLkeuHuAoQvF17mcAJD2UN2hXk8,Kacky,5,5,5,5,5
L1DcO43NLibY5VOY6PEZ5x5D27h,Kacky,5,5,5,5,5
brgNeJXFGF1cCDtgBBv8yid2W5b,Kacky,5,5,5,5,5
LARaYSdiYhtJriCz3SwIPaf6xUa,Kacky,5,5,5,5,5
HD71Vvadzfv4AbJ_q8z0ZCRFIq0,Kacky,5,5,5,5,5
xI5EN2vK86qweSUY965uI0GJ5wc,Kacky,5,5,5,5,5
eE3mqgU8HAkI_ioag7uBtHtHCk2,SOTD,5,6,7,8,10
GewXwxXcAzdprJ1OMT3voPZnMGl,SOTD,5,6,7,8,10
XH60B1ewoTGX8yr0Se7clImIQ0f,SOTD,5,6,7,8,10
uYYuzBkBbTcIPqi3GTDmCdEgead,SOTD,5,6,7,8,10
B36R2IjUaRO753x6Db2x7zZMMy3,SOTD,5,6,7,8,10
NS0bQBDRsjvBvKcMSuGLPfSK974,SOTD,5,6,7,8,10
0UO8d37YTBQUyHsW1FiRxeX18x1,SOTD,5,6,7,8,10
3vaf3a6AsOP_GqqRlqG07VXjytm,SOTD,5,6,7,8,10
DmNaReugljwh0jaFIWTsd2y2qHb,SOTD,5,6,7,8,10
6DPtvRz4Ew1VXqiAjnmypIa4xV,SOTD,5,6,7,8,10
LZr2VYw4sbnxe_REvuVwqmOVO1g,SOTD,5,6,7,8,10
uyjELe9_xaoULcBPnphZ2nFqaqa,SOTD,5,6,7,8,10
IG6_qglyfbPy5riOy5247oZJt0l,SOTD,5,6,7,8,10
c1NYFEhyyl7CydBo2HV7xIMz6v2,SOTD,5,6,7,8,10
qkQNqCOjuj25aQ58TN2qov6TG3n,SOTD,5,6,7,8,10
wwJ2GzGXkDegnjYfjrRdPBOl_kl,SOTD,5,6,7,8,10
WPoHAAa9RKb2K2aoVkXMdzh8HXa,SOTD,5,6,7,8,10
dIzCQmfuIC6PUjjeQXTb34QBWd2,SOTD,5,6,7,8,10
MSYTwG3ZiVKLjNU8WR6pKMoTZzg,SOTD,5,6,7,8,10
Azzc3YfeFAgn0NKRXLo9RkCDC16,SOTD,5,6,7,8,10
sEZadl3Lx9dK3svd838RQN7cA6h,SOTD,5,6,7,8,10
CotMbrsUuKs2lLRM3V0cTx9PWml,SOTD,5,6,7,8,10
Rh9XWKiCm0wiwDX0T3kKSV9N1Qi,SOTD,5,6,7,8,10
mnU4XWIdbfrSyFq04KQoA4no0km,SOTD,5,6,7,8,10
uIlcpNsXL8z4ydNPiUX7VG1KYy8,SOTD,5,6,7,8,10
iHfVb2dZ66aJH0BlZ51LesGdyLe,SOTD,5,6,7,8,10
Hs6Zp5DPYmgxZYQedoVM0smkJVj,SOTD,5,6,7,8,10
4D18cwVC5iVh3woxTEczhv4Uk9,SOTD,5,6,7,8,10
9iYswlmDWIKtn0y2ynt5xscXkid,SOTD,5,6,7,8,10
U6TstmfhZUIvdkDvuKTMy9jVFBi,SOTD,5,6,7,8,10
u1unX0B8TejmzI6eB_1W0CMsyrc,SOTD,5,6,7,8,10
QOpTaUzm5scPb03ulzcjJMEpC6k,SOTD,5,6,7,8,10
4ygC0mPrn1eP7IsWWkT_fq3Obo0,SOTD,5,6,7,8,10
FexZisGT5KZlcbEvlt7CcBUKiHc,SOTD,5,6,7,8,10
IE1xhvxKqJgxfCrENtNSG2kiLpj,SOTD,5,6,7,8,10
7DOc6kjnn9yyGRZV_jZ8GhTuXt6,SOTD,5,6,7,8,10
KBR3YWJJuv6zOSw9eHyNG1jfmVj,SOTD,5,6,7,8,10
xnyRy61PwDpL6UmgLOOn2YcDOPe,SOTD,5,6,7,8,10
MbPIw5OnPnog5Svpjt1_FX45b73,SOTD,5,6,7,8,10
S71n9w6H3qPZ_Ikt3uqLylfmlEg,SOTD,5,6,7,8,10
tSyFHNmKyXFeAEIavIZgIMSbBU5,SOTD,5,6,7,8,10
OMPp9vDEkcPpF0oqj4w5HpMnku2,SOTD,5,6,7,8,10
MCGHURWUm3abPJ4tgN9mTB33XXg,SOTD,5,6,7,8,10
544G5BquqiMvNcFRNBof_tsWkt9,SOTD,5,6,7,8,10
GoWjsGUJk7nXWfLOldPi8_vC187,SOTD,5,6,7,8,10
cikE2L30vlEKulm46OND3cSujSc,SOTD,5,6,7,8,10
DEHSJEW6Fc4QS9NcA6er9m6lxVe,SOTD,5,6,7,8,10
jJ1ysQ00pIPb9AgjVb1f07QxCJ5,SOTD,5,6,7,8,10
6DZb0BvWNvB7XlpYhf9PmyKLz95,SOTD,5,6,7,8,10
2xWAJBSxiqnETpw2h0dWCdQThrc,SOTD,5,6,7,8,10
ci8hk5fH87qUhTLlVxIDgiYyeV3,SOTD,5,6,7,8,10
RkuseiMKO23ZEjRztlzrrzruDq6,SOTD,5,6,7,8,10
0lUGCcuRxoGpopYr6Btaft4tGK9,SOTD,5,6,7,8,10
JChN4uusqaYO2QUHfIExAUwDiF7,SOTD,30,35,40,45,55
MGJiEaKGaLCiRyH1aQz5hcUNuXd,SOTD,30,35,40,45,55
z40I1a5BduGopQFW3tbKU3pXMF0,SOTD,30,35,40,45,55
nwSKikMhhMSdvrI0MM_h7RrD5W,SOTD,30,35,40,45,55
dLo07ZX3pRkTxzuPU00peMKMjpd,SOTD,5,6,7,8,10
UCXvhpVKwxjtmYZ8WrqqY257lG5,SOTD,5,6,7,8,10
IcKG1Cvb3go6Wxxip_mJBxKUmx8,SOTD,5,6,7,8,10
SHQFN27jFSjlojAIl_a94RLb97b,SOTD,5,6,7,8,10
9twarM1nEoMgNc3OfkpI7cJb_La,SOTD,5,6,7,8,10
58g6VDv5qX5cNhyKgorc2Dk7vR0,SOTD,5,6,7,8,10
8SK1ljwjy933m55G7kQvXWs3jp3,SOTD,5,6,7,8,10
SxKfQol013yYxL7ja8f6_m2nzc0,SOTD,5,6,7,8,10
3YDAyRR6FV9ia3nANzO2eRMDmH3,SOTD,5,6,7,8,10
TUBgXWgtRQbrNNgLg23r4gnmi56,SOTD,5,6,7,8,10
BMaYEpVCEVrzJFvrIMFP5eQpEY9,SOTD,5,6,7,8,10
OCFgulhKfPc4XUIpBnJgpWnhPac,SOTD,5,6,7,8,10
7dgD6pJTf2BDdg0GPpICZw1LQ97,SOTD,5,6,7,8,10
vZQeVTx6cgVnnAjneNLtj3PPVtk,SOTD,5,6,7,8,10
7MpSGgUSEKzKfzCEJZQuItBSrQe,SOTD,5,6,7,8,10
2DURouEqJQYQ44ebgVHOW4d9Mj,SOTD,5,6,7,8,10
EaxaInJyE_7yiRH90mA_3ETp6v1,SOTD,5,6,7,8,10
4SijHQCSxp01Og4SPiGFaQPctH8,SOTD,5,6,7,8,10
yHnrBmtWeHZXpOyMIFABGUSRbR5,SOTD,5,6,7,8,10
ITfRoABfPNefi9HZc9ht2tTErpa,SOTD,5,6,7,8,10
uutFnG19PJRbl7SDmbnp1xYC6w1,SOTD,5,6,7,8,10
NMNAanbnkkAYyhrOnMiCPkGtMAj,SOTD,5,6,7,8,10
3WHkbqCnE6eSOlu6H_3qcE2TRhf,SOTD,5,6,7,8,10
pI_m2mtQwtehFMpKVjF2LKHWLm6,SOTD,5,6,7,8,10
oMhI0nydY912RkL5giAXxyIr2F1,SOTD,5,6,7,8,10
zfvlcz1KIfTpXQOHX8dFZHNlbc0,SOTD,5,6,7,8,10
ir62fbVvG_evbYRotc7VDuUGcVj,SOTD,5,6,7,8,10
kcGhleZTXfo5Q_An7kOU2VRSSqi,SOTD,5,6,7,8,10
odrrDicuLdWltNV0UJtK2wd6eI5,SOTD,5,6,7,8,10
Ul0RejyDWtPVtXaHLXk4_hew2H4,SOTD,5,6,7,8,10
NvNTGC0_e26AqEfupGHV5cfU8zb,SOTD,5,6,7,8,10
nqS7aWxF8OOFvVMK5tNL_u7FmU6,SOTD,5,6,7,8,10
8KDLIQF7cCPg2FB9TYf1qn3sv9,SOTD,5,6,7,8,10
xyGj1Vy965AgQy0hqDenlSeoWA9,SOTD,5,6,7,8,10
yxuvnUB3AFV4qUy4movAIW6lBU6,SOTD,5,6,7,8,10
ll5ib2yWOAdJ7ePRymtNMPhPGie,SOTD,5,6,7,8,10
B3jOiCDfqLVnUIbGAwFoFLqSgU2,SOTD,5,6,7,8,10
u8Xet_2WbQGG4fnFV8Syw5L3cda,SOTD,5,6,7,8,10
t2VKDh1fgy9p9zqAG8mHPOIR7ea,SOTD,5,6,7,8,10
p8WdHx0Q5r7S0FUwDF6QZC7fi0j,SOTD,5,6,7,8,10
GY5MhNYKzKEEwYD0bM7BChwjh42,SOTD,5,6,7,8,10
XocIexAhY2wpk7wxmPc0VeGjuC1,SOTD,5,6,7,8,10
Wsb5duadSC0uILiKgZf44rv7jEg,SOTD,5,6,7,8,10
8SG4NJtgzCoUaegRN7_TxWTQyhj,SOTD,5,6,7,8,10
RZHsN36r4YDiOZJiiLpQSzl1E90,SOTD,5,6,7,8,10
wi5brcXGJfLFQthsxtf9dDnCmRm,SOTD,5,6,7,8,10
yLJQL64cXc0geXB4pwZQiItZrf3,SOTD,5,6,7,8,10
aBgL3ThPvFqd279ynaVYHeKAGIk,SOTD,5,6,7,8,10
dJiIwpjZ439PCin8uwDyPfnRas2,SOTD,5,6,7,8,10
YkwWOopFud7VeWbsozEDSAhpn8g,SOTD,5,6,7,8,10
ArtgasnD4P7J9tEZU7U6w2Mp9Zh,SOTD,5,6,7,8,10
Yf5TcgkEZsKGT2B0L6B1i1pOoR8,SOTD,5,6,7,8,10
8zoRYUuKj2FT9qUITCYJElFCbq5,SOTD,5,6,7,8,10
njFs90rZV95vKYYjxZT7KvkmS6l,SOTD,5,6,7,8,10
bq7pCKABwDw23NYzZ7hcA_2LE_i,SOTD,5,6,7,8,10
WUgA1lOPkDgyxCzGOo_TTMFqh8f,SOTD,5,6,7,8,10
jLpwBYJtiFkvCeoBu3SIemOtBzj,SOTD,5,6,7,8,10
_lOOqKhAIxfL7YovAmVAokR1dBe,SOTD,5,6,7,8,10
4RC_qwozg6QAlhucJTw8C1cPuPc,SOTD,5,6,7,8,10
pykEkHo0rUS4fOOciy21vIaY5H7,SOTD,5,6,7,8,10
nyuG6dLMU2EoyNFhWi_qEaeS4x0,SOTD,5,6,7,8,10
NGyJVup2J8h3JbBW3JDlhPjJVwk,SOTD,5,6,7,8,10
rRXGytMkJRcg_e2OqgzrLb4EOq8,SOTD,5,6,7,8,10
QS7jkOiMZYJqwhbgDpmueUnNRAa,SOTD,5,6,7,8,10
nwJeCfycz0Gg9WpOzLNBGqtFAH3,SOTD,5,6,7,8,10
mZ1BpxZ2OMYYMOZmqpwyvn_kWu0,SOTD,5,6,7,8,10
xGyOppoWRMzvEiRnHkH8gwgVAtj,SOTD,5,6,7,8,10
2UVmlbbaO_DPVtWj0fourRjf0Wk,SOTD,5,6,7,8,10
GS0ukO0i16hoL923EUll7041_Xk,SOTD,5,6,7,8,10
HDOpZb_oOgVPf2PkTdGy1nvcKs0,SOTD,5,6,7,8,10
rKh_aB_k2qUyHgnDYw8s8JB_JY4,SOTD,5,6,7,8,10
CZ3sAu5W7Usy9Ye87uPPmM8WzS9,SOTD,5,6,7,8,10
bincHyK6s7PIhZJ3BEwETVSoAB3,SOTD,5,6,7,8,10
tDOfO8xFsJH_gve9xh7KS0h4vfl,SOTD,5,6,7,8,10
uPUAljz8pLQFBSEzyd70NO5zao0,SOTD,5,6,7,8,10
Bb2p24qA8H9hEb7IuxUMB0ypwp2,SOTD,5,6,7,8,10
q3GIe7Hm14Db19A4Y0cQIYF5K5c,SOTD,5,6,7,8,10
_7DP2reI4WfXqUIC1mV2uUiCSpa,SOTD,5,6,7,8,10
lyq09A4SzP5jEgHtWoZQ4z7wqif,SOTD,5,6,7,8,10
4fhVHmt79cKbqNlxAvR74TK9o8b,SOTD,5,6,7,8,10
lSAw8pnPLmebPohitVLRZHBeq7a,SOTD,5,6,7,8,10
0BI2Gq4DuPiAZS7ijYhdFEAEXbd,SOTD,5,6,7,8,10
qJk2RcHm_ssDonZju9yhAii79z4,SOTD,5,6,7,8,10
3ULKfZHRpZP9gXKAxYQTsmXPV,SOTD,5,6,7,8,10
3sHrQDwQQ7uhoDu7Ku_ZbqDZIM5,SOTD,5,6,7,8,10
JChN4uusqaYO2QUHfIExAUwDiF7,SOTD,5,6,7,8,10
TSAuyGl4TUco7FZpF5iUF0gRQI8,SOTD,5,6,7,8,10
cg62Yx0D5jXcrhJ2m96cImxTVl6,SOTD,5,6,7,8,10
lsdi9vI8JgAylv0sIQZTQ8Jm3Xb,SOTD,5,6,7,8,10
4KLYmIvPsPYVYdjPV851dxTfpDd,SOTD,5,6,7,8,10
gwyHQk65pV_0Yj0UtCRThfCKOHm,SOTD,5,6,7,8,10
xO7pfDbRcdZ4WkoeG8MlEsrhfvm,SOTD,5,6,7,8,10
uZWc33yLPhkqb3PQL1j6nwrbuIg,SOTD,5,6,7,8,10
WDsh77IYq9HNVE0_6XrP0lyyYb3,SOTD,5,6,7,8,10
rzIIj19ax4zZYKA0V6rmHhZzFRg,SOTD,5,6,7,8,10
eEzQLX_FHGAbyQoNrJ9WwnHBhZ7,SOTD,5,6,7,8,10
FzR5GCiEs0jhWZpYTqz6gEETmia,SOTD,5,6,7,8,10
Kt8NQ8_TjXmhLmzm7FFD3h7Pckd,SOTD,5,6,7,8,10
7f4qCk7X3H8Np0vym2i217svuv4,SOTD,5,6,7,8,10
SVMqo6X1rS8LEPEICpB_8cgF_D4,SOTD,5,6,7,8,10
xIxoGpHyYizg8g21xPD0GzDi7Ak,SOTD,5,6,7,8,10
UviF6T6XietRv5bzVpyAZcNk8r7,SOTD,5,6,7,8,10
_ynhLRVOo7xXmBw2yqeI1oFyTH4,SOTD,5,6,7,8,10
kdGNm3DRDdkNqK7sktN2TAfBvof,SOTD,5,6,7,8,10
6Et6R0eERxhPoV3GIf7RMLnxoq6,SOTD,5,6,7,8,10
iDh2AiNWArUjWCLBpbLYn5WZlob,SOTD,5,6,7,8,10
AOnpa7goU6xWraOqiCOAjKUQS0l,SOTD,5,6,7,8,10
FRxMbVBXlLkZkst8Ke23fwAcoKg,SOTD,5,6,7,8,10
vlPCZPBnOi6QL1qFMHCpEvNNDY2,SOTD,5,6,7,8,10
m16sqoIA_ZqVXnd0ZK7SBMPdQA9,SOTD,5,6,7,8,10
Gv5OBOQAm5_yDOTc8x1j32vswDk,SOTD,5,6,7,8,10
Mqi_W_1ZbJqcE3PfgxNMlpMFtsj,SOTD,5,6,7,8,10
AWn6_eCyJntekoHpkoed1dOpaR,SOTD,5,6,7,8,10
Be6En3zViousK22a6THfGJoFgC0,SOTD,5,6,7,8,10
0xe80Hg2Bz4iIHw1bidFyK4_dud,SOTD,5,6,7,8,10
zjEH2ryWnTXjAE_kRN_LPi2HE2j,Endurance,5,6,7,8,10
vnRySQK8DcatvNQIY4eYVRdpvYd,Endurance,5,6,7,8,10
q8kBxkMU3gIwsrLjmHqtgUbt0Y2,Endurance,5,6,7,8,10
SXj6UD2tdc_ymk1cX2Ja2pDmlua,Endurance,5,6,7,8,10
d4Z3FDiqkgj4XGdGKPfxLQIr1O1,Endurance,5,6,7,8,10
_Z4SId22kNSvXruOEBXVym9eig3,Endurance,5,6,7,8,10
Rr58_imduSZmZ0vyDN59sY0XhY,Endurance,5,6,7,8,10
K9sgd3fNGiDHkFebiGHzC7yFAff,Endurance,5,6,7,8,10
pr4ct272E0NoCr_HrHn025LG611,Endurance,5,6,7,8,10
_9_uv3xtmqYy_Ty5xXIJEUcHbti,Endurance,5,6,7,8,10
W5ALn5E1vH7ye6hZ9xzTbYSioCm,Endurance,5,6,7,8,10
wi24_fAbNbSLiiw8BjSFvL8wzkg,Endurance,10,15,20,25,30
70VIHFqviHwUKNCJU4hnKTPQUV6,Endurance,5,6,7,8,10
h7GC0BaFBONTW6EPj_pmmlTTS34,Endurance,5,6,7,8,10
LNgEiahuyog01dDKw6wBN_aPfca,Endurance,5,6,7,8,10
lNTrUdQPNQfFc2DHdQpl13ri4r6,Endurance,5,6,7,8,10
Q1hkJkuyamM4CSrWL0eOpSaqdeg,Endurance,5,6,7,8,10
6kEcjhLp1hb77ANE0pZSXWdXWU5,Endurance,5,6,7,8,10
zloegtxMR4HxPgp8V90Zc1t8Jwf,Endurance,5,6,7,8,10
kKAXDB7TAVgFoDnP497z5CdPH6c,Endurance,5,6,7,8,10
f7N3dY5DADTh3fz9XGXYihqWaw1,Endurance,5,6,7,8,10
Bhj9lyVIfLOHya6ru5jWNcksEga,Endurance,5,6,7,8,10
fvqOZfH3ehuhpvnvn7IELG1fPj2,Endurance,5,6,7,8,10
Zo88DA4tKsqpNkBwX8rJve6Q0C4,Endurance,5,6,7,8,10
vOGkCahMIBDodN77wdElqBNdLYc,Endurance,10,15,20,25,30
80OwxjPLhz44IRsCMMX1wQFxxOa,Endurance,5,6,7,8,10
bS4pIQ0Mtgygx0AOKUedGWnud2b,Endurance,5,6,7,8,10
qJwV7FHxl2WZrGXv2Mv8NYTBoDg,Endurance,5,6,7,8,10
2E5deTPzEoLd6omEG7OOAu0nVmi,Endurance,5,6,7,8,10
lYEOdC1WLsnQuXD8RcRTstzwdQ3,Endurance,5,6,7,8,10
ZsGtqH5Jsw2q8nreXtVSh9PsEj2,Endurance,5,6,7,8,10
sEm0ty0DIEgOeWTPTZfwIZbg_01,Endurance,5,6,7,8,10
C3spfP841deoBeZGZ0BB8tmgaVg,Endurance,5,6,7,8,10
SjntZ2GS4mhw5MGLEhUj2OOMOp5,Endurance,5,6,7,8,10
FqOX_OYIF4_5shS9bb17P5DBgac,Endurance,5,6,7,8,10
VDvHA_T6Vqw_UsxttO3orCHwdp0,Endurance,5,6,7,8,10
pKJqQFtllDl5gK7JNBknp6eHedg,Endurance,5,6,7,8,10
KEjiEZ3LPth5SAuQQptcXSUBDS9,Endurance,5,6,7,8,10
Sdzu23n2L9zVrShaOMuvT5hjsjk,Endurance,30,35,40,50,55
qOYihpQruMbYEhf0dgSsnngcmM7,Endurance,5,6,7,8,10
yh071VNyYwfk7CG08aGOZbIuIS4,Endurance,5,6,7,8,10
FKHYY3clfpL5Y7CF7RCheo7OYo3,Endurance,5,6,7,8,10
ntwqjCH3wRYSpLUFLGN3yQHxSdl,Endurance,5,6,7,8,10
yRngFayDDkYx51OMZY8t5cCWnab,Endurance,5,6,7,8,10
MUCJS8C2_OFThxYrxluioqYf748,Endurance,10,15,20,25,30
WTxRF3UkMvtdbmscvaE4WWfjZp4,Endurance,5,6,7,8,10
7H7CWABlmTXp04UN0wX4Tz1QDGb,Endurance,5,6,7,8,10
0ync9JUJw9jXUml5zpRV232iMv1,Endurance,5,6,7,8,10
OfqiMsUgy62ianHDHwU06qc3Fu9,Endurance,10,15,20,25,30
hHOIzZ_eaipWZKspTL2MEk9DADe,Endurance,5,6,7,8,10
2jMsteAucam9_THhTkb88Xon5bm,Endurance,5,6,7,8,10
yiNMK_IoefdkkffXw6FEQuEgy4h,Endurance,5,6,7,8,10
_DmJxwJLWVStabGeEr7Nk_6rTr7,Endurance,5,6,7,8,10
JMSvRh8prwe7dN14RVNCm9Kb1m3,Endurance,50,60,70,80,100
TPtBDp9qWXn2j8tSQCPSklbYFX8,Endurance,50,60,70,80,100
7CNvk2Cv3QOW_hGpH03UR4aE3lg,Endurance,50,60,70,80,100
WQELUHaXLjtehrRdohlJwzjwuKj,Endurance,50,60,70,80,100
t2vsIK5k5aNIdgFxvEVbBL3u6t9,Endurance,50,60,70,80,100
7FF0xDlGII5ILryJyH_cXed1z58,Endurance,50,60,70,80,100
te9QmaEQs3n1RmAKjqhEe9clzcc,Endurance,50,60,70,80,100
lJavZkFnGkK3T7q9b4WwCRy6y7c,Mini,5,6,7,8,10
Ci57bTdAtlhbRkCmis0kJah1Obi,Mini,5,6,7,8,10
A8rZxTIYbgtkz_ifCgnwgUS7wG4,Mini,5,6,7,8,10
fE4fCEOLPrlWsndEXNUNfITl1Lk,Mini,5,6,7,8,10
pA8DUdWw6S5VueTbRudmBK6Ksl4,Mini,5,6,7,8,10
YRpMi8z8A7qRT6mQI4jVM3erbS6,Mini,5,6,7,8,10
aStf2FFaTpZ95_y3xIppRde0PG5,Mini,5,6,7,8,10
D2TJtb9A6AnBNplhxq6BPZhows2,Mini,5,6,7,8,10
Cp71vAJNNY67CEN4FU6kLSu3DJj,Mini,5,6,7,8,10
s2RbP0MFUbEDTWR12JIITl7wiJ,Mini,5,6,7,8,10
emymSMLyA4dtOPFsy126vSj21Cc,Mini,5,6,7,8,10
eNjOXYq_4wiPtwN_XSknpJTwYte,Mini,5,6,7,8,10
xS14UhvkBgf0YAL_ipTsvz_ljB7,Mini,5,6,7,8,10
SpAuqy7LKq5Mf4nTms4cOLlt833,Mini,5,6,7,8,10
A4D_rz8NFY8mHkLqrFOwOk4de60,Mini,5,6,7,8,10
ov0hOL0KikebCGAYR2zUKl5vOfa,Mini,5,6,7,8,10
gDJdlfhW7iZ4GfghtssMBtKpNc7,Mini,5,6,7,8,10
igtgE8dZ3hWg0euSasQ4FkQTL1g,Mini,5,6,7,8,10
e0qr2YJSStlibhlvoPfwu474ge7,Mini,5,6,7,8,10
7JYw5sSACYhZfSPE8mZ_8Fxs000,Mini,5,6,7,8,10
Gsme9MdlNLjQ_MflPTZFrwdSjWj,Mini,5,6,7,8,10
PvcBnd1dfZtIrMKBLjLWYmhiiBd,Mini,5,6,7,8,10
RiCikd3zfxP8f4yUws6_tuq07nm,Mini,5,6,7,8,10
fQKyzbTIyDBarjDBqUTJHGK7cif,Mini,5,6,7,8,10
UU6ukkl5XhZeFy3MlAzUIwoG0n9,Mini,5,6,7,8,10
J8ea9dI3XdVkNA52L2gfUJ0Hlsl,Mini,5,6,7,8,10
FyHIpn7WugKdytqr73oTr33vusa,Mini,5,6,7,8,10
pGwQQY5OLm28ZvPGZ9k3Kz6ovZe,Mini,5,6,7,8,10
7kBc45kH41OMjofD4Zgy4p90zZ2,Mini,5,6,7,8,10
rJIoAoSeqK8GIEQu0wHNR407r85,Mini,5,6,7,8,10
wXVBGJqWYpw9t7zW5AzOEWyQgMd,Mini,5,6,7,8,10
FUnzUqq2T8Ljhwyij_NK2LaUQDh,Mini,5,6,7,8,10
yPKimSstfLVqR5U8GK3UStUKIU1,Mini,5,6,7,8,10
REbEfcEk3VQ2CmElaqRaBpbPE92,Mini,5,6,7,8,10
bl4npIOGrVMoeEQKuwXYpHp_JF5,Mini,5,6,7,8,10
18x48GkVsJ30Ank7CpaamOFVku2,Mini,5,6,7,8,10
HFUWODkanGUrrB2aJ55g0hU6dYj,Mini,5,6,7,8,10
pZfstWtvhPABvwZM_ukr7prGKy8,Mini,5,6,7,8,10
EtbdNDsy4ku2JBSfiARgnFPiKPi,Mini,5,6,7,8,10
kXrAox8M8YLWkjeRNY1rPqHWry3,Mini,5,6,7,8,10
Skn3dawAmI5wfddBKNLAMDXMip7,Mini,5,6,7,8,10
EJdmNkKq5oJooMAA25wCnlWN980,Mini,5,6,7,8,10
ialBfnYaGalSVwrTBARo1IQIlV3,Mini,5,6,7,8,10
9vYfXoliEwrvYmTY2PzACLPzTza,Mini,5,6,7,8,10
1_y1JZ1xW1vW1X4RwGSOj3HQq5j,Mini,5,6,7,8,10
upvSGm8EB7z4d3xbh2NtMMexpF0,Mini,5,6,7,8,10
_OqD9l5sJ4IGwOjDSB0mr1tU1t2,Mini,5,6,7,8,10
okywd7jliPbJxEWUq_vU40ec6Ed,Mini,5,6,7,8,10
fNUPoA9CTOZ2Ut4qQox9Ol8UCOc,Mini,5,6,7,8,10
LYAuwiOAWOJM7EtaeE5pWNWqwAa,Mini,5,6,7,8,10
LQS5z9iBKAgXqzcrFxo0nsB5qai,Mini,5,6,7,8,10
gDKqji1cJySwg25_SSLCqs3Uqxd,Mini,5,6,7,8,10
to_FPDI5DbESEB6_piYBc9vXZa1,Mini,5,6,7,8,10
bR_6NLAR37d5nh0XpLq0QDcZ0J5,Mini,5,6,7,8,10
IWRBApsltiTK2fPLfVC7Q93zt3n,Mini,5,6,7,8,10
pqNZbKhKQrGheSrrYWHMq7ITIn1,Mini,5,6,7,8,10
18D0rDycoMxGA3NUuvPkcfX2ma0,Mini,5,6,7,8,10
qHQyMmI207YVtzTSSr7lH22eW0c,Mini,5,6,7,8,10
TE6rqC0SpfQzf5U7jFBMaRaTJom,Mini,5,6,7,8,10
IbeKUwfs4Qogltl5hOboKInY6Nl,Mini,5,6,7,8,10
Iw0_hwAd3N19NQLQuVvdID6Oxr6,Mini,5,6,7,8,10
cYI4PwPtcl4FgdfB09ANPSqLPm2,Mini,5,6,7,8,10
L3EYJ8fRd5MQ1XeBChp0eMuhyr2,Mini,5,6,7,8,10
VrBSZXKgGZSZdx83nxGaVv_SQt4,Mini,5,6,7,8,10
gKmgEWUTKZImUbfnmQLkyL4kauj,Mini,5,6,7,8,10
XX877YuwXB137djRVUNqIppcl6h,Mini,5,6,7,8,10
luTHdCWpetBP_CItPaziSUYhZyj,Mini,5,6,7,8,10
5PVU2C01ZasbGVsxUKxfmPw6dTd,Mini,5,6,7,8,10
DuKcrnEPxCHhrXR6Z9TPCd0dEA8,Mini,5,6,7,8,10
stCHwxtAjhwjGrOZP5NOcDVVRik,Mini,5,6,7,8,10
JTOFGgFQ4ySYV2FrI3SivfIyWIm,Mini,5,6,7,8,10
XfARzMDd4Dubf2q3t2DA7CO3z3f,Mini,5,6,7,8,10
oTZxi_nSDPRhOz3LorGW8JNAMxc,Mini,5,6,7,8,10
oiqFsViNLIdod3M2Jkxxv_ESIH,Mini,5,6,7,8,10
ve71FzWzZoxF9NAdOBvJERRUNy0,Mini,5,6,7,8,10
aB_iYHaLNJcLgMAVU7Pjnk6UjFl,Mini,5,6,7,8,10
LDE2ib7jsZYNwwFZxRYvI1tOZIi,Mini,5,6,7,8,10
Ej4eMHe1RZS43g0YLBzwEUZpOua,Mini,5,6,7,8,10
oHrJkiQZgfo5iWTxjJl1j5h3vsd,Mini,5,6,7,8,10
8hzZjRB41cyX3jG0STyezAcbX98,Mini,5,6,7,8,10
tUVNkAqmFnRoRj7RI8pCuEBU4wi,Mini,5,6,7,8,10
eoUJ4nwcUtT20utfW0CqwYQcRb4,Mini,5,6,7,8,10
qQqpWMYMjOAp0qKJ8_snkEB9Wl6,Mini,5,6,7,8,10
7DJJqvprYFPP0bEFaVO0T7AV3Yb,Mini,5,6,7,8,10
Lhxx2ZBPdLEJjiKl8wdHXhW5AY3,Mini,5,6,7,8,10
jhFwTT1twD3ZBgQ9Sa8n0hi9OI7,Mini,5,6,7,8,10
FtL6cJspFVeoD3NR8z2PyepoWZd,Mini,5,6,7,8,10
y4BBhNfck7_5la7Vt8yZfYNL9Db,Mini,5,6,7,8,10
cI2w241vu7zP8naZy0PbPLaa7t3,Mini,5,6,7,8,10
KJR6EPmvsqILZzKobj4nwYO4dPi,Mini,5,6,7,8,10
ewlQ6s9nYNXDQsyok88gbaQXUdl,Mini,5,6,7,8,10
z6LnCzqUjpZnghgWWmVmHGaqhcf,Mini,5,6,7,8,10
UWCuuWekea0hsmxtd1LMMb1wWfc,Mini,5,6,7,8,10
OhqvJzfqkXIkxjwqlPwxaCsO97c,Mini,5,6,7,8,10
3nfrvWRsW6a8XvLKe4sKFmCAGNk,Mini,5,6,7,8,10
wwrSe3fnO82l78FDtyNl3SzWmk1,Mini,5,6,7,8,10
BkKouagsBC39HC1WNuFBxDDAKSa,Mini,5,6,7,8,10
OaXM7rTJiHYxwPgZ4UpS75WvsI3,Mini,5,6,7,8,10
qg54fYNtR9wBZEPWKjnUHw4n1t6,Mini,5,6,7,8,10
MtVwb5fechLss6GNe3HBnDtCBQi,Mini,5,6,7,8,10
HgTif1APihQMsmSeiM6cWPZld_6,Mini,5,6,7,8,10
B8DAp_zosrkr25_o6opHaSAHKsi,Mini,5,6,7,8,10
BPDJL5F76JzybkAtvsTj56JGU0g,Mini,5,6,7,8,10
DJVW9gTF5BLTGhpt24ewUSsf2Fa,Mini,5,6,7,8,10
pHd6jGS8j5wxGdQCjmjfVw2LVqk,Mini,5,6,7,8,10
oiuGZz3IjoOFcmi5xk5NKgkli_i,Mini,5,6,7,8,10
ZAW84k7DA0sqBSCPvXWkAq0jRg5,Mini,5,6,7,8,10
cDMjvW2YasZYsF33Mm5lbYgXJQi,Mini,5,6,7,8,10
g3Q_ldnLjsFk3JY2jcgjFmSMso,Mini,5,6,7,8,10
QfbbKeRZ6ErgqKh1PCjFgTOlQ7,Mini,5,6,7,8,10
GG91WhUGPMQKf9cD79AOOWLGuej,Mini,5,6,7,8,10
Ph9BTMVcaEh9B9IgoP14e91iGs9,Mini,5,6,7,8,10
Sdp0MC2oThsRGYTymLl4NvXqK_g,Mini,5,6,7,8,10
2iUFG4pmMiM7zlIe4HWZcZwaBRi,Mini,5,6,7,8,10
xlt3DEhm2qZ83_rla41gloq5zLc,Mini,5,6,7,8,10
LGvMkUKzsgCmKfWx5SA5PHv63uh,Mini,5,6,7,8,10
jLZgHh9xvCHNtQwrSmQPUlu2dt6,Mini,5,6,7,8,10
m_9W6FCC5x2JGNoyNDECYb7_1Ak,Mini,5,6,7,8,10
k0jqxQ_YWSxRrx6dlkVmoS1hp7f,Mini,5,6,7,8,10
HOJ8_8duMQKup38YHT57OZmSCCf,Mini,5,6,7,8,10
WlNMvS_4jDm0YBfsWUh4qk7Neye,Mini,5,6,7,8,10
E1oaCDsem7TkYT4jx2zyoGzzwba,Mini,5,6,7,8,10
dvtmYyihWULRMNRGnt7pUUw2FPe,Mini,5,6,7,8,10
uRJq1dbxhhda_18YTVKQTNfuXLg,Mini,5,6,7,8,10
dt00gS40OTs0lvTNn3xzq58AtNi,Mini,5,6,7,8,10
7XXffi8VzS4m_kPS3cMGbdsSLol,Mini,5,6,7,8,10
AH1gDBe1CQfiTiYyixY9XILr206,Mini,5,6,7,8,10
kkdjdmLLQgZgpYlQ1kWXazC6Hll,Mini,5,6,7,8,10
u7zaMy3SuJzIgb7Q467kxCqFUc0,Mini,5,6,7,8,10
eXK0R9WkJeNnIIHczodUO8IBtS7,Mini,5,6,7,8,10
f8v77nTDRnsz78kWYdFiBdrlLyc,Mini,5,6,7,8,10
pNNj8SOzXakE7qFfJDJ6pYTQSA7,Mini,5,6,7,8,10
SXYpLKvnlapuzANrw9XRNH6SXCi,Mini,5,6,7,8,10
Mxmnr4WJk5dt4UfrE8au6VBffIi,Mini,5,6,7,8,10
NUpSR9Kps7V9l2tzCqRf5CTEs9h,Mini,5,6,7,8,10
tWQQXMGpo_MZikB2MfqYKijg4Na,Mini,5,6,7,8,10
b84bxqjE8N34aaZAs1ERo6F_v50,Mini,5,6,7,8,10
UB08Z01xzoTwbsb9CiXK7Bx0kc5,Mini,5,6,7,8,10
R9Yzrjy6vgNbrCw67TSuamtpm_7,Mini,5,6,7,8,10
Osqt0Iqoa3fTXgieb_P71kiFhGj,Mini,5,6,7,8,10
gMyevQMees8Pepd6plB0OoH1Ccj,Mini,5,6,7,8,10
mzsROorzgqwjy0lfDJJbrzySObj,Mini,5,6,7,8,10
jMtByVYVLCjxyhDajXatM6KGro,Mini,5,6,7,8,10
ZKddNpPpGfs5oUAuIFSCDpivopj,Mini,5,6,7,8,10
tnzwyqnVJBURl7mfvoBY9vmTzW7,Mini,5,6,7,8,10
pZN6uw8AtbAgOAI67AGJcUJx8Ha,Mini,5,6,7,8,10
nyiD2rfJcXejXxDu4NbdsIMHb8j,Mini,5,6,7,8,10
sC4hE4S2C3LO62Vb38isL1N_Ik6,Mini,5,6,7,8,10
gOW_Y8S_sUhtKMny3wGfIJ2VvS6,Mini,5,6,7,8,10
NBtN07s5l5YBIwQhRjgnL_TfiGg,Mini,5,6,7,8,10
TSiGKOWOE5vb0irdtg1W5dL6rI2,Mini,5,6,7,8,10
wy5pM1Pb_4JkyFLBb5WifHE0Mka,Mini,5,6,7,8,10
rsQClTbOzPGik1fJ5WdXn6mqLT1,Mini,5,6,7,8,10
2JGHuQar6LUUC3T23Mv9MtO8sYd,Mini,5,6,7,8,10
fRaVd5UNR0xQkCDxzLyJVPMqrb7,Mini,5,6,7,8,10
IVlMTntUd5pTiS6_2pdBktq9Sh7,Mini,5,6,7,8,10
h_iJlfjej7vGtkNyKp6YMUMhXW9,TMFL,5,6,7,8,10
edMvTiLF55ADm0FChRoEZgFMaie,TMFL,5,6,7,8,10
RmIWZa9iv0QArk7VP3Iv7NNxqJ7,TMFL,5,6,7,8,10
9gM791H6vg4KAiG_nxwNwf0d942,TMFL,5,6,7,8,10
iW5SiXnvDklm2_XQ716NK_SgDQ7,TMFL,5,6,7,8,10
I2udqA7ZBBZWHLAyJthxks4nZ61,TMFL,5,6,7,8,10
oGvdBxPY1BXRu2EaPOJSEooPB1h,TMFL,5,6,7,8,10
4coN5WVZs10jn36azrVTJsVjS75,TMFL,5,6,7,8,10
Gp5eXzMwHu0cfMS__SWmh6Llk3c,TMFL,5,6,7,8,10
xql1Q8770Ce4w35sqJWYBN2pYBm,TMFL,5,6,7,8,10
rJLl8jzA91JRqU7GEGtsl2qk9R6,TMFL,5,6,7,8,10
JaN6DS3iRvpjHwB43zBXtJTtyq7,TMFL,5,6,7,8,10
1x3cvZCyBuQbDZYAKvFxgAWwTo3,TMFL,5,6,7,8,10
KXONUBJPSPlbTq5Y6SHUJuGXE2f,TMFL,5,6,7,8,10
XUIpDelkFeMfE9MP3B1KWQSpD_6,TMFL,5,6,7,8,10
vIpbIRE18D7WKpSlU_BeYThSHB6,TMFL,5,6,7,8,10
XsXlmnWW6uc2P1vwPpHDRC8QLs9,TMFL,5,6,7,8,10
YnjMCB_Ap1j0cJVN9y6KvQ8s_c2,TMFL,5,6,7,8,10
5283tQlHhMjwiOtBKA3IXSoJ0ug,TMFL,5,6,7,8,10
mFMjqQU7Xao0ZpM0EkTmsFcpTT8,TMFL,5,6,7,8,10
5DsVxssG5EcT_oHfgivs9vDU3yd,TMFL,5,6,7,8,10
uqfLExiW5NqW6b_00K3oYX1BCu3,TMFL,5,6,7,8,10
8WF_fSevoF0EXxz8c7yoAklees7,TMFL,5,6,7,8,10
vMpXMF7LYkuEx30yAOwSwbHm8I6,TMFL,5,6,7,8,10
UXvc1s1C4LEWDKBjmNa_PLHJ7kj,TMFL,5,6,7,8,10
DBYVvHKl7vzSs9HLVcq4cgKFzl,TMFL,5,6,7,8,10
r20kcsv3z15lCLicVlko7qDE3,TMFL,5,6,7,8,10
m_i_zIy_ZJ5Zbdw0xY8ghokDhwk,TMFL,5,6,7,8,10
WAhqF6nUGZn40q_FiChZCB7pXoe,TMFL,5,6,7,8,10
KfnkxU6b5HvHFd7WPbFhGtTUSv5,TMFL,5,6,7,8,10
1_8f1n9Rqkfw8vpnTiiIYSYvJDj,TMFL,5,6,7,8,10
qKELxjRALoVuN5o8Qjv_hZi1_xe,TMFL,5,6,7,8,10
LTX_Bw2WNFoy1TY1vToG9Y4CJDh,TMFL,5,6,7,8,10
SD241dDU2oTDV3MscKKSIhW_mK2,TMFL,5,6,7,8,10
It9dQ3_H0yr28vVJBfKL7AeHgPd,TMFL,5,6,7,8,10
cbys5cWwIJ4rGVa1axio5nILiza,TMFL,5,6,7,8,10
h0fR9sxRXvzVbdvk55al2pD0sLd,TMFL,5,6,7,8,10
4fRFncYXLcs4UD8i3J8GSO5oad8,TMFL,5,6,7,8,10
bU96SUhl4w1uS0ApFWa7fblB0W3,TMFL,5,6,7,8,10
T3sbgGASQ5aZa4J6Y3MbU5fOvn8,TMFL,5,6,7,8,10
1vetDRs53aFXhWq8g1MR9xczk9k,TMFL,5,6,7,8,10
ASgSQaM9h0pUplhgx20nqpiLwm7,TMFL,5,6,7,8,10
bdWuXWVTrJXgHSPy8Rm3o1rjHpj,TMFL,5,6,7,8,10
Umhzr1PFaTFRW_dOneIwAQXQfA0,TMFL,5,6,7,8,10
bq8cHZBAdpFIOy0l6moYVC1Tuk5,TMFL,5,6,7,8,10
RyarDG2Xp52k6oWa_G_uuWhFQ6a,TMFL,5,6,7,8,10
WSWZHOYHXD4u46AjB6mJm3Ck1Xe,TMFL,5,6,7,8,10
gbpZhtd0QFXEc4otAouF7Noplhb,TMFL,5,6,7,8,10
BeWXHI8PFmkKz3sfj9dcKDxUMp4,TMFL,5,6,7,8,10
I0tK5V8HrngXqGvjC7VfDhAXUI0,TMFL,5,6,7,8,10
2ObHr_PFY8iouNNgGTcjTdYIHl2,TMFL,5,6,7,8,10
JHtuvxJP6Gxe78WG6plpLwPF515,TMFL,5,6,7,8,10
ePY8vubxldO31neYepGa4mtYby1,TMFL,5,6,7,8,10
OHcBF42AKChsyplTCap3U0bbtZc,TMFL,5,6,7,8,10
yMDQTm8r_hNASB9xBMV8pRe5w2n,TMFL,5,6,7,8,10
4KtQz_AiN0VDE0TPHOXEVpIU1mb,TMGL,5,6,7,8,10
z1W3VYg914_KbvQfMwx4_kg8tmj,TMGL,5,6,7,8,10
cl7ccO_DQqz0fiYBwYvFWOg6314,TMGL,5,6,7,8,10
i1etrXpbgSuJZgXE9c6mL4LfKm7,TMGL,5,6,7,8,10
czqICF35_HgJ6Fbp8QukrdXNGQd,TMGL,5,6,7,8,10
eK_xz7d9hv7mRxnTw6tEJTkvHQb,TMGL,5,6,7,8,10
WurdoMaM2GXzefXCE8sZxZWV7i5,TMGL,5,6,7,8,10
pBofuyyhwJwIjWa_aoHwcYEVx5j,TMGL,5,6,7,8,10
AYQQ9n9FhR0QfnE4XoO3ayeHHId,TMGL,5,6,7,8,10
mDw3yKd0B1NBnhViDqDUasVkfL,TMGL,5,6,7,8,10
fiqr3BUDADXDanQtI8lMUWyuUl9,TMGL,5,6,7,8,10
6ZSmAqah7QPVs35hyrppYu8_32b,TMGL,5,6,7,8,10
FPbro4SXJFKz4GL7k5jB4_OR4p5,TMGL,5,6,7,8,10
RMgK_3JRajCBDNrzZqHGn5y_gJj,TMGL,5,6,7,8,10
4eY78dT3Slk841bh2hzalllos1e,TMGL,5,6,7,8,10
4RDqVKTe90s6wpMYov1dhi2ZmB1,TMGL,5,6,7,8,10
tse0JHHcr88uPUAEZ3AIajHTnt0,TMGL,5,6,7,8,10
esTwzCWglmmCgZVy2t8arB2aZUd,TMGL,5,6,7,8,10
KIdsp0xW9PlXJhuXlRtnSyMDGzf,TMGL,5,6,7,8,10
8xZ16KN803bUYpiUQt7kFFxSPD1,TMGL,5,6,7,8,10
i_wnZ5MjQt4W7sWSOmqdI5EV5C1,TMGL,5,6,7,8,10
CEzFrFOIC9s5LM44KsWkmHTovjk,TMGL,5,6,7,8,10
sNPikVMxMIjO568t8fosP5PcYug,TMGL,5,6,7,8,10
eoiAFB5cNfThaoRpBH_sVFo5lZa,TMGL,5,6,7,8,10
1pwSzJrH4CYEGEd2fUJ0b9YuWKj,TMGL,5,6,7,8,10
TXukD6AzZ6dpIuZHqOJEFpiQmq7,TMGL,5,6,7,8,10
IOmzzTEN3T1m5F_L_kToGJuhZ6f,TMGL,5,6,7,8,10
jGd9CAtaBsMGqDkeW0SZRBidqX6,TMGL,5,6,7,8,10
LLM0xhyVVa2MciMNf2qVIT11TGc,TMGL,5,6,7,8,10
sgTfQBddAkUKAj5gmr5FE2rOXWm,TMGL,5,6,7,8,10
J3vZer3zmA3oO7EVXPvhnt5cGh6,TMGL,5,6,7,8,10
7opKvMd5E8FIFD0dvXESD55SoAk,TMGL,5,6,7,8,10
DfyID88MQzy96GTuGquRJ7d9Fg,TMGL,5,6,7,8,10
3dQeEDI12fqHxZ08G4OnJs4FIHk,TMGL,5,6,7,8,10
rIQJwKkx68wvx8CNoKbsGKpmY0g,TMGL,5,6,7,8,10
2ORGwGUWfhT8FqA3s07hN92Adam,TMGL,5,6,7,8,10
m2d9V9SynsmhP9iEz1tv1mcFbn0,TMGL,5,6,7,8,10
3mkXg3NdEoJbCMitYl8uAr9UCH0,TMGL,5,6,7,8,10
hzw3FfO3lLqmDgz22cS8dchENng,TMGL,5,6,7,8,10
d_d4XDMQzgYa5uz8odXSeSnFaT,TMGL,5,6,7,8,10
mxcRUgrfsYUvdqgdYlRUT_seDa0,TMGL,5,6,7,8,10
M5Cek2EPd09MtaLUEzEAYwsMAT7,TMGL,5,6,7,8,10
pXcDo8mc2i4RjytuJ56I1a3zYq8,TMGL,5,6,7,8,10
K6W8yxL2JbPPZtJTMPN3HYGLJd5,TMGL,5,6,7,8,10
mluy6I5qASQgt0Xu5xY3m49Esei,TMGL,5,6,7,8,10
AfXqwC0il92QT9aejLk5ZB5dmxf,TMGL,5,6,7,8,10
VTmAkIVTZl6a97e6TbJK78ZWKX5,TMGL,5,6,7,8,10
6CvzlH_5zZBHvjn6k3WWcTndaPf,TMGL,5,6,7,8,10
E78tnjO1T0sPuwnNc0y9oFKNji1,TMGL,5,6,7,8,10
7ddD_3LNrttIMHKyRqNcoSEZwEh,TMGL,5,6,7,8,10
KGWHgZwVVCYkktj2sBBMEw6uNCg,TMGL,5,6,7,8,10
bUbKj37BqcxSYA_Zo8mZupMa8j8,TMGL,5,6,7,8,10
xbJ_jg2jvpooFRKuorULX6aQjtj,TMGL,5,6,7,8,10
zRM4utyaaecFdl4m1ioPQDNGHl,TMGL,5,6,7,8,10
hBwgI_K87mIFe8ARxUjGB1yOgZ9,TMGL,5,6,7,8,10
3Muz1cW6c_oo2CGonHY3sADcFkk,TMGL,5,6,7,8,10
RKtkGw0KXSnSacBMcwFxrXEeigk,TMGL,5,6,7,8,10
JEzh_pvzYwjen_5t7eQNDIHvZ_2,TMGL,5,6,7,8,10
3DiNydIBs3wK96LnxbGET5PRdAe,TMGL,5,6,7,8,10
wGPWFgUg9wpJCTg1QRHPC90icm0,TMGL,5,6,7,8,10
H1QIG6oJLt7OU46My4pSSfD1Y0i,TMGL,5,6,7,8,10
H45xb09fPznW83xa67sQS5TnHz6,TMGL,5,6,7,8,10
qILevE59qeLZ2DH0tgh8dG6KJWk,TMGL,5,6,7,8,10
mYsC_SFD6cMK8vSX5Ev6sqnkqw8,TMGL,5,6,7,8,10
U5J07hNmKEEOFvIzlZZp1RCXsz5,TMGL,5,6,7,8,10
PLy9b_0RwmZrWOPowsRER7DRBS3,TMGL,5,6,7,8,10
zwpoQsgpok5m0EQTSZZ5F6wEYNg,TMGL,5,6,7,8,10
72a1315q7BdGWvc7MliJDcbg9Bj,TMGL,5,6,7,8,10
kon4C1zp4NNMJ6jo6Sk7BOBMGcl,TMGL,5,6,7,8,10
4YMl2lfd7poyAyIJc4E8UeqMjO0,TMGL,5,6,7,8,10
Yfxig0UNwNRs4v_BqfqRwieYuvd,TMGL,5,6,7,8,10
LZH4xrL8U9hHeBRIYBrktCQWh4e,TMGL,5,6,7,8,10
MCtIoay5_0lej04XABqJhroZLdd,TMGL,5,6,7,8,10
5gor_0D3D4eyv4K4FjmJ3CPyfWe,TMGL,5,6,7,8,10
TRFEKtObhuDn_1NRqfktrvKVvv2,TMGL,5,6,7,8,10
Q9tzUk5lC0tXKLduCSftM8uOadc,TMGL,5,6,7,8,10
NqGzny1hTb4SQCe_tzznU4xmQvm,TMGL,5,6,7,8,10
BUKPdV9qwDSTURzHg0b3lfG8Hha,TMGL,5,6,7,8,10
iFfoDZTT6sYeu3eP90cvkH1HoOd,TMGL,5,6,7,8,10
MdS7KPL433GkCR6muICQ2fsb_j9,TMGL,5,6,7,8,10
6ojwfbRpy94C2r4874TualT5We2,TMGL,5,6,7,8,10
saBsjjef7MN1zLykogSAWDhrYv6,TMGL,5,6,7,8,10
ypwxYrQx4am3Bu0y4eENMDHFPt3,TMGL,5,6,7,8,10
wCrhYurL6H6oX2YYG9EBG5Q2lze,TMGL,5,6,7,8,10
DqNxf9aj_trZt0KEZLtvMs1HXB3,TMGL,5,6,7,8,10
qsHYLET4S7hwIZx729HbxV18Uib,TMGL,5,6,7,8,10
OCdS8AnvtMbTr8uEN0fsRV3lTy3,TMGL,5,6,7,8,10
mng8Tlg2klDWkQ3DYkXi0IRQds3,TMGL,5,6,7,8,10
r00ojcO4WwwSpwZAHb6BDuf5Uud,TMGL,5,6,7,8,10
Z06Xps5LGsHIuMIniwuTQwPvY29,TMGL,5,6,7,8,10
2IL41nhlVCU1ZBWEsTnNTmhTBUg,TMGL,5,6,7,8,10
Rfy0Gk5oN1DjtPcWGoBOdk44Kl6,TMGL,5,6,7,8,10
67_6IVIfn78quXaXqIOkiSiPYk3,TMGL,5,6,7,8,10
As6e7QF9zVA4N4hZCqiV_t9PWk0,TMGL,5,6,7,8,10
gSPplbH4nq4X2UIqDeOt9JF96Y2,TMGL,5,6,7,8,10
IdBCLykLWEcLWYtjxb5XItceO2,TMGL,5,6,7,8,10
vLa7jANRIdK7RP4uQeXvbADkzH0,TMGL,5,6,7,8,10
nkDj9AViTTns64bFZaRQ2Ne6Pr6,TMGL,5,6,7,8,10
c58bH4hukDBGLCABsLgekMottZ3,TMGL,5,6,7,8,10
KFEQQRS6AAeK0dAda4Snk6C1JUc,TMGL,5,6,7,8,10
U70vE5e7DbeUlL0kb8UyOsrZzD3,TMGL,5,6,7,8,10
vLyFqhTbwuEF4S3apZHJ0aqeX2j,TMGL,5,6,7,8,10
bYhKboPS588ne1hQJhYivO2E2oj,TMGL,5,6,7,8,10
9fQKjqrJotYk5S_V7o_VfpgUYi9,TMGL,5,6,7,8,10
ufgYrFAYUyv2mfX52Bcm102GbC0,TMGL,5,6,7,8,10
MJSTbd3SHGcPNbS6bgbkDgGPdph,TMGL,5,6,7,8,10
3wShwwx7cNnzF50Uu4LD6F7Icv0,TMGL,5,6,7,8,10
nwxMuUKvB5ZmvWX8Sqemnj8Qqk6,TMGL,5,6,7,8,10
SxiMAPLufob852FoWQbtBPbGYM3,TMGL,5,6,7,8,10
X57aVa_wZq3zzYr3UUBfZIu2MMj,TMGL,5,6,7,8,10
c2RkJ23ONJMrXI_nkMjvkPfTrhg,TMGL,5,6,7,8,10
079I2edcwtj8JRjEwf6hc1zBx78,TMGL,5,6,7,8,10
cXJvHzJdFZUkKh4wWFCzyAO8wm8,TMGL,5,6,7,8,10
Bc1S750l6ROoX7EVq0ltji6fNC,TMGL,5,6,7,8,10
NZovNIr0rg31biIujx57E9I50al,Crossover,5,6,7,8,10
7Phuj6Bnum_GlCj_7NLbhNnkaZf,Crossover,5,6,7,8,10
Tzk_us7fzHvLp34HeRew9XoHr0l,Crossover,5,6,7,8,10
lMJpoE6OMTXjnaypLd3v6tre2kl,Crossover,5,6,7,8,10
cJU8uIsYJuoLYkVAHMt34Gann81,Crossover,5,6,7,8,10
a52zRH13RruIiQNcHFveo20Jr2k,Crossover,5,6,7,8,10
1zAD8WBPlK91sip2sZPknXnV47l,Crossover,5,6,7,8,10
EuWlxG2E1RM4lY0hGcwjdqZngo0,Crossover,5,6,7,8,10
WA1CwSZ_nZRhoCkqa402VYCvvd5,Crossover,5,6,7,8,10
pZq5wvfiYSsA8OlS3SKvKUM8Pdb,Crossover,5,6,7,8,10
y8qZdyZGnkWqIji6u7ppXTzlRT8,Crossover,5,6,7,8,10
bj0K7SFnwQOSnFA6k6n7qFgmE9m,Crossover,5,6,7,8,10
fcLx_Hy5749XoH8zV78QGLker66,Crossover,5,6,7,8,10
Do_TgOD7IaF5cJFivPgWllbrKO2,Crossover,5,6,7,8,10
3G0XIOggl6hsydIk1b7V3IlaA6i,Crossover,5,6,7,8,10
K2HeSRiip1TTyXEa6fdYm1Jxl2m,Crossover,5,6,7,8,10
NBUWlef1rLKlSr3l3G9lsJv7vj5,Crossover,5,6,7,8,10
URaY0S7RarOIV4IR6fYfWkDSc_1,Crossover,5,6,7,8,10
YpTOmwkARypVdIB6KQwCksjwJql,Crossover,5,6,7,8,10
QZ0vdOkh6aE9RjmFw9Wb_QkDmVk,Crossover,5,6,7,8,10
8znT2ZCrEC3GTF2aiB4S_TTOZCl,Crossover,5,6,7,8,10
eP7eKeTdLRO8tLPTsLW9UCNWbje,Crossover,5,6,7,8,10
yM53mzRyTgdcsmjGLmC8TwpRvS3,Crossover,5,6,7,8,10
sByHucCsegycG0_g5ZNdMu72IF6,Crossover,5,6,7,8,10
q2zyUTrUwSv4EZ97rUAiNgT9_Yd,Crossover,30,35,40,45,55
WjVnQaxLG3elVvUHoFcB1iqKMKj,Crossover,10,15,20,25,30
B_fSJjMRuz3MloIimewHvVlDBim,Crossover,5,6,7,8,10
s6ecKcsS82EpbTcpHIqIGef6Zm9,Crossover,5,6,7,8,10
ldU1OlKJlaznR6ja7x3tzWgqx66,Crossover,5,6,7,8,10
NuYatKkOB7Kx5WrTnrqWakRbn41,Crossover,5,6,7,8,10
6ElMqLbnu2W7m0f1Mlw15WgCCR1,Crossover,5,6,7,8,10
h300Zz5YkTT3fGzzqtZMkkW5xJj,Crossover,5,6,7,8,10
vsZVL8n8NYM4KDN9j1oky5aN2Dd,Crossover,5,6,7,8,10
rZlKwilqwZXPfLmIyXex4t0iPcc,Crossover,5,6,7,8,10
j6MLjpWC_dF9v23ho9iry6ZBGPe,Crossover,5,6,7,8,10
JchF79mYXr2x68XYlgrWPvF5b8l,Crossover,5,6,7,8,10
il55E6UwjJM5XAAAlFTQeZE14G2,Crossover,5,6,7,8,10
aZDGrOGXdpP7_JR0Zy9EYhxrTh8,Crossover,5,6,7,8,10
FHldksXnJIodiy3mPI5x8CCs6k8,Crossover,5,6,7,8,10
VLUNQzGc_M1vQ_VejEWKYl9f6I7,Crossover,5,6,7,8,10
XFrZDgOqRV8VXhBMiiT1ZS1iYz0,Crossover,5,6,7,8,10
CcuTQccLGZsMhKqIyknlNnLCUZ4,Crossover,5,6,7,8,10
Q_jbrQBo77Xoa04uAJ5Rw22zhCa,Crossover,5,6,7,8,10
2Q6ebMF7d14nIXgdM7AXQ0VcWp0,Crossover,5,6,7,8,10
IDCZKzGWDaOE1vqC7dCLXXIdWqe,Crossover,5,6,7,8,10
hk9GqJNDwyc3sq_Z4LqZw_hLrz1,Crossover,5,6,7,8,10
A_uPULXMFfq7I4c6dPqF6FLJU_a,Crossover,5,6,7,8,10
oNw3tKpgiBp66OkGT8G3MlA0es6,Crossover,5,6,7,8,10
suJKm1VA3IBVFVmgZgpawBI31J4,Crossover,5,6,7,8,10
